"249180020","WARSZOWICE","2024","01",81.6,"",9,"",15.6,"","06","",0,""
"249180020","WARSZOWICE","2024","02",78.7,"",1,"",21.4,"","04","",0,""
"249180020","WARSZOWICE","2024","03",47.4,"",0,"",8.0,"","23","",0,""
"249180020","WARSZOWICE","2024","04",65.8,"",2,"",20.8,"","01","",0,""
"249180040","WIS£A WIELKA","2024","01",73.8,"",11,"",15.4,"","06","",0,""
"249180040","WIS£A WIELKA","2024","02",77.3,"",1,"",21.1,"","04","",0,""
"249180040","WIS£A WIELKA","2024","03",50.7,"",1,"",9.1,"","23","",0,""
"249180040","WIS£A WIELKA","2024","04",72.6,"",3,"",21.1,"","01","",0,""
"249180050","GOCZA£KOWICE-ZDR”J","2024","01",77.3,"",9,"",16.3,"","06","",0,""
"249180050","GOCZA£KOWICE-ZDR”J","2024","02",92.6,"",1,"",20.3,"","08","",0,""
"249180060","GO£KOWICE","2024","01",53.2,"",5,"",14.1,"","06","",0,""
"249180060","GO£KOWICE","2024","02",67.8,"",1,"",16.4,"","04","",0,""
"249180060","GO£KOWICE","2024","03",41.3,"",2,"",7.6,"","12","",0,""
"249180060","GO£KOWICE","2024","04",64.0,"",1,"",20.5,"","01","",0,""
"249180080","OCHABY","2024","01",72.0,"",9,"",15.4,"","06","",0,""
"249180080","OCHABY","2024","02",78.4,"",1,"",20.6,"","04","",0,""
"249180080","OCHABY","2024","03",51.3,"",0,"",10.4,"","25","",0,""
"249180080","OCHABY","2024","04",75.8,"",3,"",22.3,"","01","",0,""
"249180090","RUDZICA","2024","01",68.5,"",9,"",16.5,"","06","",0,""
"249180090","RUDZICA","2024","02",81.3,"",1,"",16.7,"","08","",0,""
"249180090","RUDZICA","2024","03",56.8,"",2,"",12.9,"","12","",0,""
"249180090","RUDZICA","2024","04",83.8,"",2,"",21.8,"","01","",0,""
"249180190","BRENNA-LEåNICA","2024","01",94.5,"",14,"",10.5,"","24","",0,""
"249180190","BRENNA-LEåNICA","2024","02",102.6,"",1,"",31.8,"","04","",0,""
"249180190","BRENNA-LEåNICA","2024","03",68.4,"",1,"",19.6,"","16","",0,""
"249180190","BRENNA-LEåNICA","2024","04",86.7,"",3,"",30.0,"","01","",0,""
"249180210","SZCZYRK","2024","01",159.3,"",15,"",18.5,"","27","",0,""
"249180210","SZCZYRK","2024","02",121.3,"",2,"",27.0,"","04","",0,""
"249180210","SZCZYRK","2024","03",67.3,"",4,"",13.5,"","16","",0,""
"249180210","SZCZYRK","2024","04",94.3,"",3,"",16.0,"","01","",0,""
"249180240","WIS£A-MALINKA","2024","01",142.5,"",16,"",15.4,"","27","",0,""
"249180240","WIS£A-MALINKA","2024","02",106.6,"",2,"",24.5,"","04","",0,""
"249180240","WIS£A-MALINKA","2024","03",65.9,"",6,"",18.3,"","16","",0,""
"249180240","WIS£A-MALINKA","2024","04",90.5,"",2,"",27.6,"","01","",0,""
"249180250","WIS£A-G£ BCE","2024","01",137.6,"",17,"",18.3,"","01","",0,""
"249180250","WIS£A-G£ BCE","2024","02",94.8,"",1,"",24.8,"","04","",0,""
"249180250","WIS£A-G£ BCE","2024","03",63.8,"",3,"",14.3,"","16","",0,""
"249180250","WIS£A-G£ BCE","2024","04",81.6,"",2,"",29.4,"","01","",0,""
"249180270","ISTEBNA-M£ODA G”RA","2024","01",149.4,"",16,"",21.5,"","01","",0,""
"249180270","ISTEBNA-M£ODA G”RA","2024","02",93.1,"",3,"",21.5,"","04","",0,""
"249180280","ISTEBNA-STEC”WKA","2024","01",137.0,"",13,"",16.4,"","27","",0,""
"249180280","ISTEBNA-STEC”WKA","2024","02",92.7,"",3,"",22.2,"","04","",0,""
"249180280","ISTEBNA-STEC”WKA","2024","03",67.5,"",5,"",22.9,"","16","",0,""
"249180280","ISTEBNA-STEC”WKA","2024","04",82.0,"",5,"",18.0,"","01","",0,""
"249180540","WIS£A-JAWORNIK","2024","01",104.3,"",11,"",14.1,"","01","",0,""
"249180540","WIS£A-JAWORNIK","2024","02",84.9,"",1,"",18.8,"","04","",0,""
"249180540","WIS£A-JAWORNIK","2024","03",63.2,"",3,"",15.0,"","16","",0,""
"249180540","WIS£A-JAWORNIK","2024","04",90.7,"",3,"",32.8,"","01","",0,""
"249180550","CIESZYN","2024","01",59.8,"",5,"",13.5,"","06","",0,""
"249180550","CIESZYN","2024","02",60.2,"",1,"",15.6,"","04","",0,""
"249180550","CIESZYN","2024","03",46.2,"",0,"",6.7,"","12","16",0,""
"249180550","CIESZYN","2024","04",75.9,"",2,"",26.7,"","01","",0,""
"249180630","KICZYCE","2024","01",68.6,"",7,"",12.6,"","06","",0,""
"249180630","KICZYCE","2024","02",71.3,"",0,"",16.8,"","08","",0,""
"249180630","KICZYCE","2024","03",39.8,"",0,"",8.7,"","16","",0,""
"249180630","KICZYCE","2024","04",76.9,"",0,"",21.0,"","01","",0,""
"249190010","JAWISZOWICE","2024","01",77.7,"",6,"",15.9,"","06","",0,""
"249190010","JAWISZOWICE","2024","02",89.4,"",1,"",22.4,"","04","",0,""
"249190010","JAWISZOWICE","2024","03",53.2,"",1,"",11.0,"","12","",0,""
"249190010","JAWISZOWICE","2024","04",62.8,"",1,"",15.8,"","01","",0,""
"249190120","STRACONKA","2024","01",83.6,"",10,"",15.3,"","06","",0,""
"249190120","STRACONKA","2024","02",83.0,"",0,"",15.7,"","04","",0,""
"249190120","STRACONKA","2024","03",69.6,"",0,"",20.1,"","12","",0,""
"249190120","STRACONKA","2024","04",115.2,"",1,"",28.7,"","20","",0,""
"249190150","STR”ØA","2024","01",101.5,"",10,"",15.6,"","01","",0,""
"249190150","STR”ØA","2024","02",72.4,"",1,"",26.3,"","04","",0,""
"249190150","STR”ØA","2024","03",55.1,"",5,"",19.8,"","16","",0,""
"249190150","STR”ØA","2024","04",100.1,"",3,"",23.5,"","02","",0,""
"249190180","KOCIERZ MOSZCZANICKI","2024","01",100.3,"",14,"",11.9,"","27","",0,""
"249190180","KOCIERZ MOSZCZANICKI","2024","02",88.4,"",1,"",19.1,"","04","",0,""
"249190180","KOCIERZ MOSZCZANICKI","2024","03",53.0,"",3,"",15.7,"","12","",0,""
"249190180","KOCIERZ MOSZCZANICKI","2024","04",81.2,"",2,"",21.5,"","01","",0,""
"249190220","åLEMIE—","2024","01",103.8,"",7,"",15.0,"","03","",0,""
"249190220","åLEMIE—","2024","02",89.4,"",1,"",16.2,"","04","",0,""
"249190220","åLEMIE—","2024","03",45.0,"",0,"",9.0,"","16","",0,""
"249190220","åLEMIE—","2024","04",72.8,"",0,"",16.0,"","01","",0,""
"249190230","LUBIE—","2024","01",106.3,"",12,"",15.4,"","04","",0,""
"249190230","LUBIE—","2024","02",67.7,"",3,"",33.5,"","04","",0,""
"249190230","LUBIE—","2024","03",39.6,"",5,"",11.9,"","16","",0,""
"249190230","LUBIE—","2024","04",82.6,"",5,"",19.3,"","24","",0,""
"249190270","OSIELEC","2024","01",96.7,"",12,"",17.4,"","01","",0,""
"249190270","OSIELEC","2024","02",61.4,"",2,"",23.0,"","04","",0,""
"249190270","OSIELEC","2024","03",47.0,"",4,"",12.5,"","16","",0,""
"249190270","OSIELEC","2024","04",87.9,"",4,"",15.8,"","02","",0,""
"249190290","LIPOWA","2024","01",177.5,"",14,"",20.1,"","03","",0,""
"249190290","LIPOWA","2024","02",135.5,"",1,"",33.6,"","04","",0,""
"249190290","LIPOWA","2024","03",61.3,"",5,"",13.3,"","23","",0,""
"249190290","LIPOWA","2024","04",74.2,"",3,"",19.4,"","01","02",0,""
"249190310","PEWEL MA£A","2024","01",96.0,"",13,"",17.2,"","01","",0,""
"249190310","PEWEL MA£A","2024","02",70.4,"",1,"",15.2,"","20","",0,""
"249190310","PEWEL MA£A","2024","03",55.6,"",5,"",11.6,"","16","",0,""
"249190310","PEWEL MA£A","2024","04",83.4,"",2,"",18.7,"","01","",0,""
"249190350","ZAWOJA","2024","01",156.0,"",18,"",19.2,"","24","",0,""
"249190350","ZAWOJA","2024","02",111.3,"",3,"",38.2,"","04","",0,""
"249190350","ZAWOJA","2024","03",64.3,"",7,"",18.5,"","16","",0,""
"249190350","ZAWOJA","2024","04",91.0,"",6,"",20.1,"","02","",0,""
"249190380","KAMESZNICA","2024","01",160.5,"",13,"",18.4,"","06","",0,""
"249190380","KAMESZNICA","2024","02",102.1,"",1,"",27.4,"","04","",0,""
"249190380","KAMESZNICA","2024","03",45.8,"",5,"",14.0,"","16","",0,""
"249190380","KAMESZNICA","2024","04",65.0,"",4,"",14.7,"","01","",0,""
"249190420","ØABNICA","2024","01",136.1,"",13,"",19.0,"","27","",0,""
"249190420","ØABNICA","2024","02",91.9,"",2,"",24.2,"","04","",0,""
"249190420","ØABNICA","2024","03",64.1,"",3,"",19.4,"","16","",0,""
"249190420","ØABNICA","2024","04",89.9,"",3,"",18.8,"","01","",0,""
"249190440","KORBIEL”W","2024","01",138.5,"",12,"",16.4,"","06","",0,""
"249190440","KORBIEL”W","2024","02",81.5,"",1,"",21.9,"","04","",0,""
"249190440","KORBIEL”W","2024","03",58.0,"",6,"",15.1,"","16","",0,""
"249190440","KORBIEL”W","2024","04",95.0,"",5,"",21.2,"","01","",0,""
"249190470","RABA WYØNA","2024","01",80.2,"",15,"",14.3,"","06","",0,""
"249190470","RABA WYØNA","2024","02",43.3,"",1,"",10.8,"","04","",0,""
"249190470","RABA WYØNA","2024","03",31.7,"",2,"",6.8,"","16","",0,""
"249190470","RABA WYØNA","2024","04",68.4,"",5,"",18.1,"","24","",0,""
"249190480","LALIKI","2024","01",125.5,"",18,"",14.6,"","01","",0,""
"249190480","LALIKI","2024","02",82.2,"",1,"",23.8,"","04","",0,""
"249190480","LALIKI","2024","03",42.7,"",6,"",15.0,"","16","",0,""
"249190480","LALIKI","2024","04",72.6,"",6,"",17.1,"","02","",0,""
"249190510","HARKABUZ","2024","01",86.3,"",16,"",14.9,"","06","",0,""
"249190510","HARKABUZ","2024","02",51.4,"",3,"",12.1,"","07","",0,""
"249190510","HARKABUZ","2024","03",38.4,"",5,"",5.3,"","06","",0,""
"249190510","HARKABUZ","2024","04",77.6,"",7,"",19.1,"","24","",0,""
"249190540","RAJCZA","2024","01",112.4,"",13,"",15.8,"","06","",0,""
"249190540","RAJCZA","2024","02",81.8,"",1,"",20.4,"","04","",0,""
"249190540","RAJCZA","2024","03",46.6,"",6,"",21.3,"","16","",0,""
"249190540","RAJCZA","2024","04",87.4,"",5,"",22.7,"","01","",0,""
"249190580","RYCERKA G”RNA","2024","01",140.4,"",19,"",17.3,"","06","",0,""
"249190580","RYCERKA G”RNA","2024","02",107.8,"",5,"",20.4,"","04","",0,""
"249190580","RYCERKA G”RNA","2024","03",61.8,"",7,"",15.8,"","28","",0,""
"249190580","RYCERKA G”RNA","2024","04",94.9,"",8,"",19.6,"","01","",0,""
"249190610","RATU£”W","2024","01",71.7,"",16,"",14.8,"","01","",0,""
"249190610","RATU£”W","2024","02",44.1,"",3,"",14.4,"","04","",0,""
"249190610","RATU£”W","2024","03",54.9,"",7,"",11.2,"","28","",0,""
"249190610","RATU£”W","2024","04",85.2,"",7,"",20.7,"","24","",0,""
"249190630","WIT”W","2024","01",75.1,"",16,"",13.7,"","01","",0,""
"249190630","WIT”W","2024","02",55.9,"",5,"",22.0,"","04","",0,""
"249190630","WIT”W","2024","03",81.7,"",7,"",21.1,"","12","",0,""
"249190630","WIT”W","2024","04",91.5,"",8,"",16.5,"","01","",0,""
"249190650","GUBA£”WKA","2024","01",95.6,"",16,"",13.1,"","01","",0,""
"249190650","GUBA£”WKA","2024","02",63.2,"",6,"",21.7,"","04","",0,""
"249190650","GUBA£”WKA","2024","03",86.5,"",10,"",17.9,"","16","",0,""
"249190650","GUBA£”WKA","2024","04",99.0,"",9,"",18.5,"","24","",0,""
"249190660","KOåCIELISKO-KIRY","2024","01",94.1,"",17,"",14.4,"","01","",0,""
"249190660","KOåCIELISKO-KIRY","2024","02",76.0,"",6,"",17.0,"","04","",0,""
"249190660","KOåCIELISKO-KIRY","2024","03",95.3,"",6,"",20.6,"","12","",0,""
"249190660","KOåCIELISKO-KIRY","2024","04",105.9,"",7,"",20.8,"","24","",0,""
"249190750","SOBL”WKA","2024","01",111.2,"",17,"",18.3,"","03","",0,""
"249190750","SOBL”WKA","2024","02",90.4,"",5,"",28.3,"","04","",0,""
"249190750","SOBL”WKA","2024","03",51.9,"",4,"",14.4,"","28","",0,""
"249190750","SOBL”WKA","2024","04",76.0,"",7,"",16.7,"","01","",0,""
"249190760","ZUBRZYCA DOLNA","2024","01",81.7,"",18,"",11.8,"","24","",0,""
"249190760","ZUBRZYCA DOLNA","2024","02",43.4,"",4,"",9.2,"","07","",0,""
"249190760","ZUBRZYCA DOLNA","2024","03",35.7,"",6,"",6.2,"","28","",0,""
"249190760","ZUBRZYCA DOLNA","2024","04",51.8,"",6,"",14.6,"","24","",0,""
"249190920","LIPNICA WIELKA","2024","01",152.6,"",19,"",24.5,"","25","",0,""
"249190920","LIPNICA WIELKA","2024","02",99.7,"",6,"",28.7,"","04","",0,""
"249190920","LIPNICA WIELKA","2024","03",44.0,"",5,"",11.4,"","28","",0,""
"249190920","LIPNICA WIELKA","2024","04",67.6,"",7,"",20.7,"","02","",0,""
"249190930","KOSZARAWA-Ø£ABNE","2024","01",139.4,"",19,"",17.2,"","01","",0,""
"249190930","KOSZARAWA-Ø£ABNE","2024","02",97.6,"",4,"",23.1,"","04","",0,""
"249190930","KOSZARAWA-Ø£ABNE","2024","03",58.1,"",7,"",11.3,"","16","",0,""
"249190930","KOSZARAWA-Ø£ABNE","2024","04",112.7,"",7,"",18.8,"","01","",0,""
"249200080","£APAN”W","2024","01",84.2,"",10,"",13.5,"","01","",0,""
"249200080","£APAN”W","2024","02",53.9,"",1,"",11.7,"","04","",0,""
"249200080","£APAN”W","2024","03",48.9,"",1,"",17.1,"","16","",0,""
"249200080","£APAN”W","2024","04",76.4,"",0,"",23.3,"","24","",0,""
"249200120","ROZDZIELE","2024","01",92.1,"",12,"",15.9,"","01","",0,""
"249200120","ROZDZIELE","2024","02",64.0,"",1,"",14.9,"","04","",0,""
"249200120","ROZDZIELE","2024","03",56.1,"",2,"",19.2,"","16","",0,""
"249200120","ROZDZIELE","2024","04",92.6,"",3,"",23.2,"","02","",0,""
"249200140","W GL”WKA","2024","01",127.4,"",15,"",16.2,"","01","",0,""
"249200140","W GL”WKA","2024","02",72.5,"",3,"",28.9,"","04","",0,""
"249200140","W GL”WKA","2024","03",55.7,"",5,"",15.8,"","16","",0,""
"249200140","W GL”WKA","2024","04",95.9,"",6,"",24.7,"","02","",0,""
"249200210","P”£RZECZKI","2024","01",121.2,"",17,"",17.2,"","01","",0,""
"249200210","P”£RZECZKI","2024","02",81.8,"",2,"",27.6,"","04","",0,""
"249200210","P”£RZECZKI","2024","03",55.5,"",4,"",13.2,"","16","",0,""
"249200210","P”£RZECZKI","2024","04",106.1,"",5,"",23.7,"","24","",0,""
"249200250","JASION”W","2024","01",92.2,"",17,"",18.2,"","01","",0,""
"249200250","JASION”W","2024","02",100.3,"",2,"",35.7,"","04","",0,""
"249200250","JASION”W","2024","03",53.3,"",5,"",11.3,"","16","",0,""
"249200250","JASION”W","2024","04",100.8,"",5,"",24.2,"","24","",0,""
"249200280","£ABOWA","2024","01",91.4,"",12,"",16.8,"","01","",0,""
"249200280","£ABOWA","2024","02",51.0,"",1,"",18.4,"","04","",0,""
"249200280","£ABOWA","2024","03",57.8,"",5,"",10.5,"","12","",0,""
"249200280","£ABOWA","2024","04",79.4,"",5,"",33.0,"","02","",0,""
"249200310","KOWANIEC","2024","01",86.1,"",14,"",14.8,"","06","",0,""
"249200310","KOWANIEC","2024","02",50.8,"",2,"",14.3,"","04","",0,""
"249200310","KOWANIEC","2024","03",35.5,"",3,"",9.6,"","28","",0,""
"249200310","KOWANIEC","2024","04",79.4,"",3,"",25.4,"","02","",0,""
"249200380","SZAFLARY","2024","01",62.3,"",12,"",13.8,"","01","",0,""
"249200380","SZAFLARY","2024","02",39.6,"",1,"",12.5,"","04","",0,""
"249200380","SZAFLARY","2024","03",46.2,"",4,"",9.8,"","23","28",0,""
"249200380","SZAFLARY","2024","04",78.5,"",5,"",18.4,"","24","",0,""
"249200450","BIA£KA TATRZA—SKA","2024","01",79.3,"",19,"",14.1,"","01","",0,""
"249200450","BIA£KA TATRZA—SKA","2024","02",40.4,"",3,"",11.7,"","04","",0,""
"249200450","BIA£KA TATRZA—SKA","2024","03",49.9,"",6,"",10.4,"","28","",0,""
"249200450","BIA£KA TATRZA—SKA","2024","04",80.6,"",4,"",18.2,"","02","",0,""
"249200470","KRYNICA","2024","01",101.1,"",11,"",23.4,"","25","",0,""
"249200470","KRYNICA","2024","02",57.3,"",4,"",19.6,"","04","",0,""
"249200470","KRYNICA","2024","03",43.9,"",6,"",11.0,"","23","",0,""
"249200470","KRYNICA","2024","04",56.0,"",2,"",20.2,"","02","",0,""
"249200570","TRZEMEåNIA","2024","01",108.9,"",15,"",17.7,"","01","",0,""
"249200570","TRZEMEåNIA","2024","02",68.1,"",2,"",25.4,"","04","",0,""
"249200570","TRZEMEåNIA","2024","03",58.1,"",6,"",17.5,"","16","",0,""
"249200570","TRZEMEåNIA","2024","04",88.5,"",3,"",21.5,"","02","",0,""
"249210010","PILZNO","2024","01",88.5,"",13,"",14.1,"","01","",0,""
"249210010","PILZNO","2024","02",55.3,"",1,"",11.3,"","05","",0,""
"249210010","PILZNO","2024","03",41.7,"",1,"",7.8,"","05","",0,""
"249210010","PILZNO","2024","04",78.6,"",0,"",24.2,"","20","",0,""
"249210040","ØARNOWA","2024","01",87.3,"",16,"",12.1,"","01","",0,""
"249210040","ØARNOWA","2024","02",52.9,"",3,"",11.1,"","05","",0,""
"249210040","ØARNOWA","2024","03",46.8,"",5,"",9.4,"","23","",0,""
"249210040","ØARNOWA","2024","04",40.2,"",0,"",12.2,"","02","",0,""
"249210080","JAS£O","2024","01",85.7,"",13,"",12.4,"","06","",0,""
"249210080","JAS£O","2024","02",47.7,"",2,"",9.2,"","04","",0,""
"249210080","JAS£O","2024","03",43.7,"",6,"",7.8,"","06","",0,""
"249210080","JAS£O","2024","04",54.6,"",0,"",17.2,"","24","",0,""
"249210090","GORLICE","2024","01",79.4,"",13,"",17.4,"","06","",0,""
"249210090","GORLICE","2024","02",41.2,"",2,"",10.0,"","04","",0,""
"249210090","GORLICE","2024","03",52.6,"",4,"",9.9,"","12","",0,""
"249210090","GORLICE","2024","04",66.8,"",2,"",21.9,"","02","",0,""
"249210130","ZBOISKA","2024","01",85.9,"",17,"",14.2,"","06","",0,""
"249210130","ZBOISKA","2024","02",47.3,"",2,"",8.7,"","04","",0,""
"249210130","ZBOISKA","2024","03",60.8,"",4,"",15.8,"","23","",0,""
"249210130","ZBOISKA","2024","04",45.7,"",0,"",18.1,"","02","",0,""
"249210180","KREMPNA","2024","01",84.4,"",14,"",16.2,"","06","",0,""
"249210180","KREMPNA","2024","02",57.4,"",3,"",9.3,"","04","",0,""
"249210180","KREMPNA","2024","03",46.3,"",3,"",12.3,"","23","",0,""
"249210180","KREMPNA","2024","04",44.5,"",0,"",18.8,"","02","",0,""
"249210190","WIS£OCZEK","2024","01",112.7,"",19,"",15.5,"","01","",0,""
"249210190","WIS£OCZEK","2024","02",75.1,"",4,"",12.8,"","04","",0,""
"249210190","WIS£OCZEK","2024","03",67.9,"",4,"",16.1,"","23","",0,""
"249210190","WIS£OCZEK","2024","04",61.7,"",1,"",27.8,"","02","",0,""
"249210210","PU£AWY DOLNE","2024","01",112.9,"",16,"",16.7,"","06","",0,""
"249210210","PU£AWY DOLNE","2024","02",75.8,"",3,"",14.5,"","04","",0,""
"249210210","PU£AWY DOLNE","2024","03",60.1,"",3,"",13.7,"","28","",0,""
"249210210","PU£AWY DOLNE","2024","04",55.2,"",0,"",28.8,"","02","",0,""
"249210250","JAåLISKA","2024","01",83.8,"",18,"",11.5,"","01","06",0,""
"249210250","JAåLISKA","2024","02",70.2,"",4,"",8.8,"","04","",0,""
"249210250","JAåLISKA","2024","03",42.4,"",3,"",14.5,"","28","",0,""
"249210250","JAåLISKA","2024","04",49.5,"",1,"",21.8,"","02","",0,""
"249210260","TYLICZ","2024","01",94.6,"",21,"",20.0,"","25","",0,""
"249210260","TYLICZ","2024","02",52.3,"",4,"",12.0,"","04","",0,""
"249210260","TYLICZ","2024","03",43.8,"",4,"",12.9,"","23","",0,""
"249210260","TYLICZ","2024","04",63.5,"",3,"",19.2,"","02","",0,""
"249210270","WIS£OK WIELKI","2024","01",122.8,"",20,"",16.0,"","02","",0,""
"249210270","WIS£OK WIELKI","2024","02",93.2,"",3,"",17.3,"","04","",0,""
"249210270","WIS£OK WIELKI","2024","03",72.1,"",6,"",22.7,"","28","",0,""
"249210270","WIS£OK WIELKI","2024","04",58.3,"",1,"",25.5,"","02","",0,""
"249210410","WYSOWA","2024","01",71.0,"",17,"",10.7,"","06","",0,""
"249210410","WYSOWA","2024","02",56.2,"",5,"",13.3,"","04","",0,""
"249210410","WYSOWA","2024","03",49.5,"",7,"",13.1,"","23","",0,""
"249210410","WYSOWA","2024","04",57.2,"",3,"",20.0,"","02","",0,""
"249220110","NOWOTANIEC","2024","01",76.3,"",18,"",14.0,"","06","",0,""
"249220110","NOWOTANIEC","2024","02",50.1,"",4,"",9.6,"","07","",0,""
"249220110","NOWOTANIEC","2024","03",72.5,"",6,"",14.8,"","23","",0,""
"249220110","NOWOTANIEC","2024","04",53.9,"",1,"",22.2,"","02","",0,""
"249220130","BRZEGI DOLNE","2024","01",121.2,"",17,"",16.8,"","24","",0,""
"249220130","BRZEGI DOLNE","2024","02",80.1,"",3,"",25.4,"","05","",0,""
"249220130","BRZEGI DOLNE","2024","03",87.8,"",7,"",21.7,"","28","",0,""
"249220130","BRZEGI DOLNE","2024","04",49.0,"",0,"",20.6,"","02","",0,""
"249220160","TELEåNICA OSZWAROWA","2024","01",86.8,"",18,"",14.1,"","06","",0,""
"249220160","TELEåNICA OSZWAROWA","2024","02",61.1,"",4,"",17.5,"","05","",0,""
"249220160","TELEåNICA OSZWAROWA","2024","03",81.9,"",6,"",19.6,"","28","",0,""
"249220160","TELEåNICA OSZWAROWA","2024","04",54.5,"",2,"",23.3,"","02","",0,""
"249220220","POLANA","2024","01",80.4,"",17,"",15.8,"","06","",0,""
"249220220","POLANA","2024","02",49.0,"",3,"",12.4,"","05","",0,""
"249220220","POLANA","2024","03",81.6,"",5,"",19.2,"","23","",0,""
"249220220","POLANA","2024","04",57.1,"",1,"",17.0,"","02","",0,""
"249220240","ØUBRACZE","2024","01",148.6,"",21,"",23.1,"","02","",0,""
"249220240","ØUBRACZE","2024","02",121.3,"",4,"",16.5,"","03","",0,""
"249220240","ØUBRACZE","2024","03",85.0,"",5,"",28.4,"","28","",0,""
"249220240","ØUBRACZE","2024","04",81.5,"",2,"",23.2,"","02","",0,""
"249220250","CISNA","2024","01",142.0,"",19,"",24.8,"","02","",0,""
"249220250","CISNA","2024","02",124.0,"",3,"",19.2,"","04","",0,""
"249220250","CISNA","2024","03",85.8,"",6,"",30.5,"","28","",0,""
"249220250","CISNA","2024","04",75.7,"",2,"",27.8,"","02","",0,""
"249220360","BUKOWIEC","2024","01",77.3,"",18,"",14.8,"","06","",0,""
"249220360","BUKOWIEC","2024","02",56.6,"",2,"",14.8,"","05","",0,""
"249220360","BUKOWIEC","2024","03",74.7,"",4,"",25.9,"","28","",0,""
"249220360","BUKOWIEC","2024","04",52.0,"",2,"",17.1,"","02","",0,""
"250140010","WYSZK”W","2024","01",49.1,"",8,"",7.6,"","03","",0,""
"250140010","WYSZK”W","2024","02",74.9,"",0,"",10.5,"","18","",0,""
"250140010","WYSZK”W","2024","03",10.8,"",0,"",4.4,"","27","",0,""
"250140010","WYSZK”W","2024","04",28.2,"",2,"",6.7,"","19","",0,""
"250140020","SIENIAWKA","2024","01",30.9,"",5,"",8.6,"","02","",0,""
"250140020","SIENIAWKA","2024","02",74.3,"",0,"",13.2,"","04","",0,""
"250140020","SIENIAWKA","2024","03",8.8,"",0,"",3.1,"","27","",0,""
"250140020","SIENIAWKA","2024","04",22.6,"",1,"",6.0,"","09","",0,""
"250150030","POBIEDNA","2024","01",54.3,"",0,"",7.7,"","03","",0,""
"250150030","POBIEDNA","2024","02",116.0,"",0,"",30.1,"","04","",0,""
"250150030","POBIEDNA","2024","03",19.6,"",0,"",5.9,"","16","24",0,""
"250150030","POBIEDNA","2024","04",36.1,"",0,"",12.4,"","01","",0,""
"250150050","PILCHOWICE","2024","01",48.2,"",8,"",7.6,"","04","",0,""
"250150050","PILCHOWICE","2024","02",102.6,"",0,"",33.5,"","04","",0,""
"250150050","PILCHOWICE","2024","03",13.1,"",0,"",4.6,"","24","",0,""
"250150050","PILCHOWICE","2024","04",18.9,"",1,"",7.5,"","20","",0,""
"250150060","R BISZ”W","2024","01",46.6,"",10,"",8.3,"","04","",0,""
"250150060","R BISZ”W","2024","02",93.0,"",1,"",29.3,"","04","",0,""
"250150060","R BISZ”W","2024","03",16.9,"",0,"",5.6,"","16","",0,""
"250150060","R BISZ”W","2024","04",19.3,"",1,"",8.4,"","20","",0,""
"250150080","STARA KAMIENICA","2024","01",40.2,"",8,"",6.4,"","16","",0,""
"250150080","STARA KAMIENICA","2024","02",81.5,"",0,"",30.9,"","04","",0,""
"250150080","STARA KAMIENICA","2024","03",10.2,"",0,"",2.1,"","27","",0,""
"250150080","STARA KAMIENICA","2024","04",16.0,"",1,"",6.8,"","20","",0,""
"250150110","KACZOR”W","2024","01",53.1,"",7,"",10.2,"","02","",0,""
"250150110","KACZOR”W","2024","02",83.7,"",0,"",29.0,"","04","",0,""
"250150110","KACZOR”W","2024","03",11.5,"",0,"",4.0,"","16","",0,""
"250150110","KACZOR”W","2024","04",26.8,"",0,"",9.6,"","20","",0,""
"250150130","CIECHANOWICE","2024","01",38.8,"",8,"",9.3,"","02","",0,""
"250150130","CIECHANOWICE","2024","02",82.2,"",2,"",23.0,"","04","",0,""
"250150130","CIECHANOWICE","2024","03",12.3,"",1,"",2.8,"","25","",0,""
"250150130","CIECHANOWICE","2024","04",22.7,"",3,"",9.8,"","20","",0,""
"250150150","SZKLARSKA POR BA","2024","01",128.5,"",8,"",25.8,"","02","",0,""
"250150150","SZKLARSKA POR BA","2024","02",177.6,"",2,"",52.0,"","04","",0,""
"250150150","SZKLARSKA POR BA","2024","03",23.6,"",1,"",5.6,"","27","",0,""
"250150150","SZKLARSKA POR BA","2024","04",34.5,"",1,"",11.1,"","20","",0,""
"250150170","JAKUSZYCE","2024","01",227.1,"",17,"",29.4,"","02","",0,""
"250150170","JAKUSZYCE","2024","02",257.9,"",3,"",62.8,"","04","",0,""
"250150170","JAKUSZYCE","2024","03",55.4,"",5,"",16.7,"","27","",0,""
"250150170","JAKUSZYCE","2024","04",73.4,"",6,"",17.6,"","18","",0,""
"250150190","KOWARY","2024","01",32.1,"",9,"",6.2,"","18","",0,""
"250150190","KOWARY","2024","02",60.1,"",2,"",20.2,"","04","",0,""
"250150190","KOWARY","2024","03",11.6,"",0,"",2.3,"","06","",0,""
"250150190","KOWARY","2024","04",22.4,"",3,"",9.7,"","20","",0,""
"250150240","PACZYN","2024","01",61.4,"",10,"",13.2,"","02","",0,""
"250150240","PACZYN","2024","02",127.1,"",2,"",36.5,"","22","",0,""
"250150240","PACZYN","2024","03",18.3,"",2,"",4.8,"","27","",0,""
"250150240","PACZYN","2024","04",31.7,"",2,"",8.1,"","04","",0,""
"250150250","PAPROTKI","2024","01",49.6,"",10,"",9.6,"","02","17",0,""
"250150250","PAPROTKI","2024","02",86.6,"",4,"",23.2,"","22","",0,""
"250150250","PAPROTKI","2024","03",14.0,"",2,"",2.8,"","27","",0,""
"250150250","PAPROTKI","2024","04",21.3,"",3,"",6.4,"","04","",0,""
"250150510","MIRSK","2024","01",40.9,"",9,"",6.1,"","04","",0,""
"250150510","MIRSK","2024","02",98.0,"",1,"",24.2,"","04","",0,""
"250150510","MIRSK","2024","03",13.2,"",0,"",4.3,"","25","",0,""
"250150510","MIRSK","2024","04",23.2,"",0,"",8.4,"","20","",0,""
"250150530","åWIERAD”W ZDR”J","2024","01",109.7,"",12,"",24.3,"","02","",0,""
"250150530","åWIERAD”W ZDR”J","2024","02",203.7,"",2,"",48.2,"","04","",0,""
"250150530","åWIERAD”W ZDR”J","2024","03",33.3,"",3,"",6.8,"","24","",0,""
"250150530","åWIERAD”W ZDR”J","2024","04",45.0,"",6,"",12.9,"","20","",0,""
"250160030","BOLK”W","2024","01",47.6,"",10,"",7.0,"","02","",0,""
"250160030","BOLK”W","2024","02",58.4,"",0,"",20.1,"","04","",0,""
"250160030","BOLK”W","2024","03",8.4,"",0,"",4.5,"","16","",0,""
"250160030","BOLK”W","2024","04",22.1,"",0,"",9.5,"","20","",0,""
"250160070","BOR”W","2024","01",37.1,"",8,"",9.6,"","02","",0,""
"250160070","BOR”W","2024","02",51.7,"",0,"",12.0,"","04","",0,""
"250160070","BOR”W","2024","03",22.2,"",0,"",7.5,"","12","",0,""
"250160070","BOR”W","2024","04",16.1,"",0,"",5.4,"","14","",0,""
"250160120","LUBOMIN","2024","01",53.2,"",7,"",8.2,"","02","",0,""
"250160120","LUBOMIN","2024","02",52.8,"",0,"",21.8,"","04","",0,""
"250160120","LUBOMIN","2024","03",20.7,"",0,"",5.3,"","24","",0,""
"250160120","LUBOMIN","2024","04",27.4,"",0,"",9.5,"","20","",0,""
"250160130","SZCZAWNO-ZDR”J","2024","01",39.5,"",11,"",8.0,"","02","",0,""
"250160130","SZCZAWNO-ZDR”J","2024","02",50.6,"",0,"",14.3,"","04","",0,""
"250160130","SZCZAWNO-ZDR”J","2024","03",12.6,"",0,"",2.9,"","24","",0,""
"250160130","SZCZAWNO-ZDR”J","2024","04",26.5,"",1,"",7.9,"","20","",0,""
"250160150","KAMIENNA G”RA","2024","01",35.1,"",9,"",6.1,"","02","",0,""
"250160150","KAMIENNA G”RA","2024","02",82.6,"",0,"",36.0,"","04","",0,""
"250160150","KAMIENNA G”RA","2024","03",13.2,"",0,"",3.0,"","16","",0,""
"250160150","KAMIENNA G”RA","2024","04",16.2,"",2,"",4.8,"","15","",0,""
"250160170","LUBACH”W","2024","01",32.7,"",10,"",5.7,"","18","",0,""
"250160170","LUBACH”W","2024","02",50.6,"",0,"",13.1,"","23","",0,""
"250160170","LUBACH”W","2024","03",19.0,"",0,"",5.0,"","11","",0,""
"250160170","LUBACH”W","2024","04",25.0,"",1,"",7.5,"","20","",0,""
"250160190","BOGUSZ”W-GORCE","2024","01",44.8,"",10,"",7.3,"","02","",0,""
"250160190","BOGUSZ”W-GORCE","2024","02",65.8,"",2,"",13.2,"","04","",0,""
"250160190","BOGUSZ”W-GORCE","2024","03",15.1,"",0,"",3.1,"","24","",0,""
"250160190","BOGUSZ”W-GORCE","2024","04",21.9,"",1,"",6.1,"","20","",0,""
"250160220","JEDLINA-ZDR”J","2024","01",48.1,"",10,"",6.4,"","02","",0,""
"250160220","JEDLINA-ZDR”J","2024","02",82.9,"",2,"",20.8,"","04","",0,""
"250160220","JEDLINA-ZDR”J","2024","03",20.3,"",0,"",3.6,"","24","",0,""
"250160220","JEDLINA-ZDR”J","2024","04",25.1,"",0,"",6.6,"","20","",0,""
"250160260","DZIERØONI”W","2024","01",19.9,"",10,"",5.4,"","06","",0,""
"250160260","DZIERØONI”W","2024","02",41.9,"",0,"",9.9,"","23","",0,""
"250160260","DZIERØONI”W","2024","03",13.1,"",0,"",5.2,"","12","",0,""
"250160260","DZIERØONI”W","2024","04",14.9,"",1,"",3.5,"","14","",0,""
"250160290","CHE£MSKO åL•SKIE","2024","01",79.0,"",9,"",14.9,"","03","",0,""
"250160290","CHE£MSKO åL•SKIE","2024","02",80.0,"",2,"",16.3,"","22","",0,""
"250160290","CHE£MSKO åL•SKIE","2024","03",17.8,"",2,"",3.5,"","16","",0,""
"250160290","CHE£MSKO åL•SKIE","2024","04",22.2,"",5,"",5.2,"","04","",0,""
"250160310","MIEROSZ”W","2024","01",60.2,"",11,"",8.6,"","03","",0,""
"250160310","MIEROSZ”W","2024","02",86.2,"",1,"",15.8,"","04","",0,""
"250160310","MIEROSZ”W","2024","03",17.2,"",0,"",3.9,"","16","",0,""
"250160310","MIEROSZ”W","2024","04",32.8,"",3,"",6.7,"","20","",0,""
"250160360","TARN”W","2024","01",26.6,"",11,"",7.8,"","18","",0,""
"250160360","TARN”W","2024","02",44.4,"",0,"",11.4,"","23","",0,""
"250160360","TARN”W","2024","03",14.5,"",0,"",4.9,"","11","",0,""
"250160360","TARN”W","2024","04",15.3,"",0,"",4.8,"","01","",0,""
"250160410","BARDO åL•SKIE","2024","01",33.4,"",10,"",10.0,"","18","",0,""
"250160410","BARDO åL•SKIE","2024","02",56.5,"",1,"",13.2,"","23","",0,""
"250160410","BARDO åL•SKIE","2024","03",21.0,"",1,"",6.5,"","12","",0,""
"250160410","BARDO åL•SKIE","2024","04",31.2,"",3,"",8.0,"","20","",0,""
"250160450","KUDOWA-ZDR”J","2024","01",66.8,"",6,"",22.2,"","02","",0,""
"250160450","KUDOWA-ZDR”J","2024","02",92.1,"",1,"",16.2,"","04","",0,""
"250160450","KUDOWA-ZDR”J","2024","03",22.5,"",0,"",5.5,"","16","",0,""
"250160450","KUDOWA-ZDR”J","2024","04",42.8,"",0,"",9.8,"","16","",0,""
"250160470","LEWIN K£ODZKI","2024","01",88.5,"",7,"",27.6,"","02","",0,""
"250160470","LEWIN K£ODZKI","2024","02",112.7,"",1,"",18.1,"","04","",0,""
"250160470","LEWIN K£ODZKI","2024","03",32.0,"",0,"",7.8,"","16","",0,""
"250160470","LEWIN K£ODZKI","2024","04",49.1,"",1,"",11.0,"","19","",0,""
"250160480","S£OSZ”W","2024","01",78.3,"",8,"",17.7,"","02","",0,""
"250160480","S£OSZ”W","2024","02",121.3,"",1,"",24.0,"","04","",0,""
"250160480","S£OSZ”W","2024","03",36.2,"",1,"",9.0,"","16","",0,""
"250160480","S£OSZ”W","2024","04",51.0,"",4,"",11.5,"","19","",0,""
"250160510","O£DRZYCHOWICE K£ODZKIE","2024","01",26.3,"",7,"",6.0,"","18","",0,""
"250160510","O£DRZYCHOWICE K£ODZKIE","2024","02",46.8,"",1,"",11.4,"","23","",0,""
"250160510","O£DRZYCHOWICE K£ODZKIE","2024","03",30.4,"",0,"",7.8,"","11","",0,""
"250160510","O£DRZYCHOWICE K£ODZKIE","2024","04",37.9,"",1,"",8.7,"","01","",0,""
"250160520","L•DEK-ZDR”J","2024","01",35.9,"",7,"",5.4,"","04","18",0,""
"250160520","L•DEK-ZDR”J","2024","02",61.0,"",1,"",13.1,"","04","",0,""
"250160520","L•DEK-ZDR”J","2024","03",44.6,"",1,"",11.1,"","11","",0,""
"250160520","L•DEK-ZDR”J","2024","04",53.5,"",2,"",13.0,"","20","",0,""
"250160540","M£OTY","2024","01",103.6,"",7,"",29.5,"","02","",0,""
"250160540","M£OTY","2024","02",132.4,"",1,"",24.3,"","04","",0,""
"250160540","M£OTY","2024","03",44.2,"",2,"",9.4,"","11","",0,""
"250160540","M£OTY","2024","04",46.5,"",5,"",10.5,"","19","",0,""
"250160560","STRONIE åL•SKIE","2024","01",36.8,"",10,"",7.2,"","03","",0,""
"250160560","STRONIE åL•SKIE","2024","02",63.7,"",2,"",10.8,"","23","",0,""
"250160560","STRONIE åL•SKIE","2024","03",40.3,"",1,"",8.3,"","28","",0,""
"250160560","STRONIE åL•SKIE","2024","04",48.2,"",3,"",13.0,"","01","",0,""
"250160590","D£UGOPOLE-ZDR”J","2024","01",97.1,"",10,"",25.9,"","02","",0,""
"250160590","D£UGOPOLE-ZDR”J","2024","02",108.0,"",2,"",22.4,"","04","",0,""
"250160590","D£UGOPOLE-ZDR”J","2024","03",33.3,"",2,"",9.2,"","11","",0,""
"250160590","D£UGOPOLE-ZDR”J","2024","04",42.4,"",4,"",10.2,"","20","",0,""
"250160610","BOLES£AW”W","2024","01",85.2,"",9,"",18.3,"","03","",0,""
"250160610","BOLES£AW”W","2024","02",114.9,"",1,"",25.2,"","23","",0,""
"250160610","BOLES£AW”W","2024","03",65.0,"",4,"",13.4,"","11","",0,""
"250160610","BOLES£AW”W","2024","04",55.0,"",6,"",13.3,"","01","",0,""
"250160620","KAMIENICA","2024","01",133.1,"",0,"",30.7,"","03","",0,""
"250160620","KAMIENICA","2024","02",182.5,"",1,"",31.2,"","23","",0,""
"250160620","KAMIENICA","2024","03",81.0,"",4,"",14.3,"","28","",0,""
"250160620","KAMIENICA","2024","04",67.7,"",6,"",20.4,"","01","",0,""
"250160630","MI DZYG”RZE","2024","01",65.2,"",12,"",10.5,"","02","",0,""
"250160630","MI DZYG”RZE","2024","02",110.0,"",8,"",19.7,"","23","",0,""
"250160630","MI DZYG”RZE","2024","03",59.7,"",4,"",14.5,"","11","",0,""
"250160630","MI DZYG”RZE","2024","04",78.1,"",8,"",23.5,"","01","",0,""
"250160650","MI DZYLESIE","2024","01",104.1,"",10,"",29.3,"","02","",0,""
"250160650","MI DZYLESIE","2024","02",146.3,"",2,"",34.2,"","04","",0,""
"250160650","MI DZYLESIE","2024","03",43.6,"",2,"",7.6,"","28","",0,""
"250160650","MI DZYLESIE","2024","04",59.2,"",6,"",11.3,"","20","",0,""
"250160840","SZALEJ”W G”RNY","2024","01",40.8,"",7,"",10.0,"","18","",0,""
"250160840","SZALEJ”W G”RNY","2024","02",62.4,"",1,"",15.0,"","04","",0,""
"250160840","SZALEJ”W G”RNY","2024","03",19.1,"",0,"",5.5,"","12","",0,""
"250160840","SZALEJ”W G”RNY","2024","04",29.9,"",1,"",7.1,"","14","",0,""
"250160890","UNIS£AW åL•SKI II","2024","01",61.6,"",8,"",8.1,"","02","",0,""
"250160890","UNIS£AW åL•SKI II","2024","02",93.1,"",2,"",20.8,"","04","",0,""
"250160890","UNIS£AW åL•SKI II","2024","03",22.6,"",0,"",3.2,"","24","",0,""
"250160890","UNIS£AW åL•SKI II","2024","04",28.2,"",3,"",7.8,"","20","",0,""
"250160910","SREBRNA G”RA II","2024","01",46.0,"",9,"",8.3,"","02","",0,""
"250160910","SREBRNA G”RA II","2024","02",76.8,"",0,"",20.2,"","04","",0,""
"250160910","SREBRNA G”RA II","2024","03",13.3,"",0,"",3.1,"","24","",0,""
"250160910","SREBRNA G”RA II","2024","04",19.6,"",0,"",5.5,"","01","",0,""
"250160970","åNIEØNIK","2024","01",80.6,"",16,"",12.5,"","02","",0,""
"250160970","åNIEØNIK","2024","02",127.2,"",11,"",20.5,"","23","",0,""
"250160970","åNIEØNIK","2024","03",80.1,"",7,"",19.2,"","11","",0,""
"250160970","åNIEØNIK","2024","04",82.0,"",9,"",25.0,"","01","",0,""
"250160990","PSZENNO-ZACISZE","2024","01",21.5,"",4,"",4.4,"","18","",0,""
"250160990","PSZENNO-ZACISZE","2024","02",50.8,"",0,"",11.6,"","23","",0,""
"250160990","PSZENNO-ZACISZE","2024","03",14.5,"",0,"",4.0,"","12","",0,""
"250160990","PSZENNO-ZACISZE","2024","04",18.1,"",0,"",5.9,"","14","",0,""
"250161020","ZIELENIEC II","2024","01",197.7,"",0,"",52.0,"","02","",0,""
"250161020","ZIELENIEC II","2024","02",250.5,"",0,"",51.9,"","04","",0,""
"250161020","ZIELENIEC II","2024","03",65.6,"",0,"",16.0,"","16","",0,""
"250161030","RZECZKA","2024","01",64.4,"",10,"",7.7,"","18","",0,""
"250161030","RZECZKA","2024","02",82.5,"",3,"",17.2,"","11","",0,""
"250161030","RZECZKA","2024","03",33.1,"",4,"",6.3,"","12","",0,""
"250161030","RZECZKA","2024","04",33.7,"",8,"",8.6,"","20","",0,""
"250170050","BRZEG","2024","01",44.0,"",7,"",8.5,"","02","",0,""
"250170050","BRZEG","2024","02",53.7,"",0,"",9.2,"","23","",0,""
"250170050","BRZEG","2024","03",17.5,"",0,"",4.7,"","11","",0,""
"250170050","BRZEG","2024","04",34.3,"",0,"",15.2,"","01","",0,""
"250170090","STRZELIN","2024","01",37.7,"",9,"",9.2,"","02","",0,""
"250170090","STRZELIN","2024","02",54.3,"",0,"",11.3,"","04","23",0,""
"250170090","STRZELIN","2024","03",23.4,"",0,"",10.4,"","11","",0,""
"250170090","STRZELIN","2024","04",21.5,"",0,"",7.4,"","01","",0,""
"250170120","PRZEWORNO","2024","01",38.3,"",7,"",10.3,"","02","",0,""
"250170120","PRZEWORNO","2024","02",60.5,"",0,"",13.5,"","04","",0,""
"250170120","PRZEWORNO","2024","03",26.8,"",0,"",16.6,"","11","",0,""
"250170120","PRZEWORNO","2024","04",22.4,"",0,"",10.8,"","01","",0,""
"250170220","PACZK”W","2024","01",21.8,"",7,"",6.4,"","06","",0,""
"250170220","PACZK”W","2024","02",41.9,"",0,"",9.5,"","23","",0,""
"250170220","PACZK”W","2024","03",34.3,"",0,"",11.3,"","11","",0,""
"250170220","PACZK”W","2024","04",29.5,"",0,"",8.9,"","20","",0,""
"250170230","NYSA","2024","01",35.8,"",8,"",9.8,"","06","",0,""
"250170230","NYSA","2024","02",57.8,"",0,"",9.1,"","04","",0,""
"250170230","NYSA","2024","03",24.2,"",0,"",11.4,"","12","",0,""
"250170230","NYSA","2024","04",36.6,"",0,"",15.5,"","01","",0,""
"250170280","ZIELINA","2024","01",35.2,"",6,"",7.2,"","06","",0,""
"250170280","ZIELINA","2024","02",57.1,"",0,"",14.8,"","04","",0,""
"250170280","ZIELINA","2024","03",17.2,"",0,"",4.4,"","12","",0,""
"250170280","ZIELINA","2024","04",40.9,"",0,"",17.5,"","01","",0,""
"250170290","DZIEWI TLICE","2024","01",20.1,"",5,"",6.4,"","18","",0,""
"250170290","DZIEWI TLICE","2024","02",38.7,"",1,"",10.9,"","23","",0,""
"250170290","DZIEWI TLICE","2024","03",33.9,"",0,"",15.5,"","12","",0,""
"250170290","DZIEWI TLICE","2024","04",30.1,"",0,"",7.9,"","20","",0,""
"250170330","G£UCHO£AZY","2024","01",24.4,"",7,"",5.6,"","06","",0,""
"250170330","G£UCHO£AZY","2024","02",46.5,"",2,"",12.0,"","04","",0,""
"250170330","G£UCHO£AZY","2024","03",37.1,"",0,"",10.8,"","12","",0,""
"250170330","G£UCHO£AZY","2024","04",53.2,"",1,"",17.4,"","20","",0,""
"250170340","JARNO£T”WEK","2024","01",.0,"8",0,"8",.0,"8","","",0,"8"
"250170420","WOJNOWICE","2024","01",28.7,"",6,"",11.9,"","06","",0,""
"250170420","WOJNOWICE","2024","02",36.9,"",2,"",8.2,"","23","",0,""
"250170420","WOJNOWICE","2024","03",21.8,"",0,"",5.8,"","12","",0,""
"250170420","WOJNOWICE","2024","04",39.5,"",0,"",13.8,"","01","",0,""
"250170430","BRANICE","2024","01",33.6,"",5,"",15.1,"","06","",0,""
"250170430","BRANICE","2024","02",39.1,"",1,"",9.8,"","07","",0,""
"250170430","BRANICE","2024","03",22.7,"",0,"",8.2,"","11","",0,""
"250170430","BRANICE","2024","04",49.8,"",1,"",14.1,"","01","",0,""
"250170530","PRUDNIK","2024","01",36.3,"",8,"",10.5,"","06","",0,""
"250170530","PRUDNIK","2024","02",53.4,"",0,"",10.5,"","23","",0,""
"250170530","PRUDNIK","2024","03",25.8,"",0,"",6.7,"","12","",0,""
"250170530","PRUDNIK","2024","04",45.8,"",0,"",18.5,"","01","",0,""
"250170540","RAC£AWICE åL•SKIE","2024","01",41.0,"",6,"",9.3,"","06","",0,""
"250170540","RAC£AWICE åL•SKIE","2024","02",54.0,"",0,"",10.5,"","11","",0,""
"250170540","RAC£AWICE åL•SKIE","2024","03",20.9,"",0,"",5.1,"","12","",0,""
"250170540","RAC£AWICE åL•SKIE","2024","04",51.2,"",0,"",18.3,"","01","",0,""
"250170730","KOPICE","2024","01",35.2,"",0,"",10.8,"","02","",0,""
"250170730","KOPICE","2024","02",63.9,"",0,"",13.4,"","04","",0,""
"250170730","KOPICE","2024","03",26.0,"",0,"",7.8,"","12","",0,""
"250170730","KOPICE","2024","04",31.1,"",0,"",18.0,"","01","",0,""
"250170760","GOåCIEJOWICE","2024","01",48.1,"",6,"",8.3,"","02","",0,""
"250170760","GOåCIEJOWICE","2024","02",65.1,"",0,"",14.0,"","04","",0,""
"250170760","GOåCIEJOWICE","2024","03",19.0,"",0,"",4.7,"","12","",0,""
"250170760","GOåCIEJOWICE","2024","04",33.1,"",0,"",17.2,"","01","",0,""
"250180020","KARMONKI NOWE","2024","01",62.1,"",10,"",8.3,"","01","",0,""
"250180020","KARMONKI NOWE","2024","02",90.1,"",0,"",24.5,"","04","",0,""
"250180020","KARMONKI NOWE","2024","03",23.6,"",2,"",4.1,"","25","",0,""
"250180020","KARMONKI NOWE","2024","04",35.0,"",2,"",11.0,"","01","",0,""
"250180040","K£OBUCK","2024","01",70.5,"",10,"",7.9,"","24","",0,""
"250180040","K£OBUCK","2024","02",69.1,"",1,"",11.8,"","04","",0,""
"250180040","K£OBUCK","2024","03",30.2,"",2,"",4.9,"","12","",0,""
"250180040","K£OBUCK","2024","04",30.5,"",2,"",10.6,"","01","",0,""
"250180070","NIWKI","2024","01",57.4,"",11,"",6.1,"","04","",0,""
"250180070","NIWKI","2024","02",74.3,"",0,"",17.0,"","04","",0,""
"250180070","NIWKI","2024","03",25.9,"",0,"",4.5,"","12","",0,""
"250180070","NIWKI","2024","04",30.1,"",0,"",10.2,"","01","",0,""
"250180080","£EBKI","2024","01",80.9,"",10,"",10.1,"","15","",0,""
"250180080","£EBKI","2024","02",84.1,"",0,"",15.9,"","05","",0,""
"250180080","£EBKI","2024","03",28.3,"",0,"",4.5,"","12","",0,""
"250180080","£EBKI","2024","04",44.3,"",1,"",11.5,"","01","",0,""
"250180190","KRUPSKI M£YN","2024","01",69.1,"",9,"",9.5,"","01","",0,""
"250180190","KRUPSKI M£YN","2024","02",71.8,"",0,"",12.0,"","04","",0,""
"250180190","KRUPSKI M£YN","2024","03",25.3,"",0,"",4.6,"","28","",0,""
"250180190","KRUPSKI M£YN","2024","04",45.0,"",1,"",16.6,"","01","",0,""
"250180210","ZIELONA","2024","01",89.0,"",11,"",10.2,"","03","",0,""
"250180210","ZIELONA","2024","02",71.8,"",0,"",15.1,"","04","",0,""
"250180210","ZIELONA","2024","03",33.3,"",2,"",5.1,"","28","",0,""
"250180210","ZIELONA","2024","04",51.3,"",1,"",16.2,"","01","",0,""
"250180230","LIGOTA G”RNA","2024","01",61.1,"",9,"",9.1,"","02","",0,""
"250180230","LIGOTA G”RNA","2024","02",75.4,"",0,"",13.8,"","04","",0,""
"250180230","LIGOTA G”RNA","2024","03",23.1,"",0,"",6.0,"","23","",0,""
"250180230","LIGOTA G”RNA","2024","04",54.6,"",1,"",15.5,"","01","",0,""
"250180240","TOSZEK","2024","01",58.7,"",11,"",6.9,"","02","",0,""
"250180240","TOSZEK","2024","02",59.3,"",0,"",14.0,"","04","",0,""
"250180250","BRYNICA","2024","01",82.4,"",10,"",8.9,"","01","",0,""
"250180250","BRYNICA","2024","02",94.3,"",0,"",34.6,"","05","",0,""
"250180250","BRYNICA","2024","03",33.9,"",1,"",5.0,"","28","",0,""
"250180250","BRYNICA","2024","04",49.3,"",0,"",16.6,"","01","",0,""
"250180320","KOèLE","2024","01",55.3,"",9,"",10.5,"","06","",0,""
"250180320","KOèLE","2024","02",65.7,"",0,"",18.7,"","04","",0,""
"250180320","KOèLE","2024","03",27.6,"",0,"",4.7,"","23","",0,""
"250180320","KOèLE","2024","04",54.0,"",0,"",15.8,"","01","",0,""
"250180370","STARA KUèNIA","2024","01",56.5,"",6,"",10.2,"","06","",0,""
"250180370","STARA KUèNIA","2024","02",72.5,"",0,"",19.2,"","04","",0,""
"250180370","STARA KUèNIA","2024","03",26.8,"",0,"",5.5,"","12","",0,""
"250180370","STARA KUèNIA","2024","04",51.1,"",1,"",16.3,"","01","",0,""
"250180420","TWOR”G MA£Y","2024","01",58.2,"",10,"",12.6,"","02","",0,""
"250180440","MODZUR”W","2024","01",43.8,"",7,"",11.2,"","06","",0,""
"250180440","MODZUR”W","2024","02",52.8,"",0,"",9.3,"","04","",0,""
"250180440","MODZUR”W","2024","03",26.5,"",1,"",8.6,"","12","",0,""
"250180440","MODZUR”W","2024","04",44.2,"",0,"",14.6,"","01","",0,""
"250180450","ZWONOWICE","2024","01",56.8,"",8,"",11.5,"","06","",0,""
"250180450","ZWONOWICE","2024","02",74.3,"",0,"",17.9,"","04","",0,""
"250180450","ZWONOWICE","2024","03",33.7,"",0,"",8.3,"","12","",0,""
"250180450","ZWONOWICE","2024","04",58.6,"",1,"",20.2,"","01","",0,""
"250180510","RYBNIK","2024","01",71.5,"",10,"",12.2,"","06","",0,""
"250180510","RYBNIK","2024","02",77.1,"",0,"",20.5,"","04","",0,""
"250180510","RYBNIK","2024","03",38.0,"",2,"",8.0,"","23","",0,""
"250180510","RYBNIK","2024","04",62.8,"",2,"",19.2,"","01","",0,""
"250180560","ØORY","2024","01",70.4,"",7,"",9.5,"","01","",0,""
"250180560","ØORY","2024","02",82.0,"",1,"",22.0,"","04","",0,""
"250180610","WIESZOWA","2024","01",72.9,"",11,"",9.6,"","06","",0,""
"250180610","WIESZOWA","2024","02",70.1,"",0,"",19.4,"","04","",0,""
"250180610","WIESZOWA","2024","03",32.1,"",0,"",6.6,"","12","",0,""
"250180610","WIESZOWA","2024","04",49.4,"",1,"",16.9,"","01","",0,""
"250180630","ORZECH","2024","01",81.9,"",9,"",10.8,"","24","",0,""
"250180630","ORZECH","2024","02",78.8,"",0,"",13.0,"","05","",0,""
"250180630","ORZECH","2024","03",25.7,"",0,"",4.8,"","28","",0,""
"250180630","ORZECH","2024","04",44.2,"",0,"",15.8,"","01","",0,""
"250190010","JANUSZEWICE","2024","01",77.6,"",8,"",9.6,"","01","",0,""
"250190010","JANUSZEWICE","2024","02",62.7,"",1,"",9.3,"","08","",0,""
"250190010","JANUSZEWICE","2024","03",43.6,"",0,"",8.0,"","12","",0,""
"250190010","JANUSZEWICE","2024","04",34.5,"",0,"",7.3,"","02","",0,""
"250190020","NIEZNANICE","2024","01",77.0,"",8,"",13.4,"","01","",0,""
"250190020","NIEZNANICE","2024","02",64.9,"",2,"",12.1,"","04","",0,""
"250190020","NIEZNANICE","2024","03",43.9,"",1,"",9.1,"","12","",0,""
"250190020","NIEZNANICE","2024","04",36.3,"",0,"",8.5,"","01","20",0,""
"250190040","CIEL TNIKI","2024","01",76.2,"",9,"",11.2,"","01","",0,""
"250190040","CIEL TNIKI","2024","02",58.4,"",2,"",8.2,"","08","",0,""
"250190040","CIEL TNIKI","2024","03",42.5,"",2,"",8.1,"","25","",0,""
"250190040","CIEL TNIKI","2024","04",38.1,"",3,"",10.9,"","20","",0,""
"250190060","KOBY£CZYCE","2024","01",92.4,"",11,"",20.4,"","24","",0,""
"250190060","KOBY£CZYCE","2024","02",69.5,"",1,"",8.8,"","05","",0,""
"250190060","KOBY£CZYCE","2024","03",35.6,"",0,"",7.1,"","12","",0,""
"250190060","KOBY£CZYCE","2024","04",47.4,"",1,"",16.4,"","20","",0,""
"250190080","W•SOSZ","2024","01",64.6,"",5,"",9.3,"","01","06",0,""
"250190080","W•SOSZ","2024","02",57.5,"",1,"",8.5,"","05","",0,""
"250190080","W•SOSZ","2024","03",38.0,"",0,"",6.5,"","04","",0,""
"250190080","W•SOSZ","2024","04",32.9,"",0,"",6.8,"","20","",0,""
"250190090","Z£OTY POTOK","2024","01",93.2,"",11,"",11.6,"","01","",0,""
"250190090","Z£OTY POTOK","2024","02",77.6,"",1,"",15.7,"","04","",0,""
"250190090","Z£OTY POTOK","2024","03",31.5,"",1,"",7.4,"","12","",0,""
"250190090","Z£OTY POTOK","2024","04",39.2,"",1,"",11.3,"","20","",0,""
"250190140","ØARKI","2024","01",88.2,"",10,"",11.5,"","01","",0,""
"250190140","ØARKI","2024","02",83.7,"",1,"",17.3,"","05","",0,""
"250190140","ØARKI","2024","03",38.5,"",1,"",6.3,"","12","",0,""
"250190140","ØARKI","2024","04",51.0,"",1,"",14.8,"","20","",0,""
"250190150","BONOWICE","2024","01",60.6,"",9,"",11.2,"","06","",0,""
"250190150","BONOWICE","2024","02",61.1,"",1,"",12.5,"","05","",0,""
"250190150","BONOWICE","2024","03",31.5,"",2,"",5.3,"","04","",0,""
"250190150","BONOWICE","2024","04",26.1,"",0,"",8.3,"","02","",0,""
"250190180","PIWO—","2024","01",85.9,"",11,"",10.9,"","01","",0,""
"250190180","PIWO—","2024","02",83.4,"",0,"",23.2,"","05","",0,""
"250190180","PIWO—","2024","03",39.2,"",0,"",7.2,"","24","",0,""
"250190180","PIWO—","2024","04",39.1,"",1,"",12.2,"","01","",0,""
"250190220","£AZY","2024","01",84.1,"",11,"",10.7,"","01","",0,""
"250190220","£AZY","2024","02",87.9,"",1,"",22.4,"","04","",0,""
"250190220","£AZY","2024","03",36.9,"",2,"",8.5,"","12","",0,""
"250190220","£AZY","2024","04",38.6,"",0,"",8.8,"","01","",0,""
"250190230","RYCZ”W","2024","01",.0,"8",0,"8",.0,"8","","",0,"8"
"250190230","RYCZ”W","2024","02",95.2,"",0,"",22.0,"","04","",0,""
"250190230","RYCZ”W","2024","03",41.3,"",0,"",6.1,"","16","",0,""
"250190230","RYCZ”W","2024","04",58.2,"",0,"",15.2,"","01","",0,""
"250190240","WOLBROM","2024","01",99.1,"",12,"",16.1,"","06","",0,""
"250190240","WOLBROM","2024","02",87.1,"",2,"",27.1,"","05","",0,""
"250190240","WOLBROM","2024","03",36.7,"",1,"",9.8,"","23","",0,""
"250190240","WOLBROM","2024","04",43.1,"",2,"",11.6,"","02","",0,""
"250190260","GOLCZOWICE","2024","01",103.4,"",13,"",13.6,"","01","",0,""
"250190260","GOLCZOWICE","2024","02",99.5,"",1,"",25.3,"","05","",0,""
"250190270","CZELADè","2024","01",79.4,"",11,"",11.2,"","04","",0,""
"250190270","CZELADè","2024","02",71.1,"",0,"",12.9,"","04","",0,""
"250190270","CZELADè","2024","03",27.4,"",1,"",6.8,"","12","",0,""
"250190270","CZELADè","2024","04",46.3,"",1,"",12.3,"","01","",0,""
"250190320","CI ØKOWICE","2024","01",96.7,"",10,"",15.4,"","01","",0,""
"250190320","CI ØKOWICE","2024","02",84.3,"",0,"",17.0,"","04","",0,""
"250190320","CI ØKOWICE","2024","03",43.2,"",1,"",9.0,"","23","",0,""
"250190320","CI ØKOWICE","2024","04",49.5,"",0,"",12.2,"","02","",0,""
"250190340","OJC”W","2024","01",106.4,"",14,"",16.7,"","06","",0,""
"250190340","OJC”W","2024","02",91.1,"",2,"",22.6,"","05","",0,""
"250190340","OJC”W","2024","03",52.1,"",3,"",11.0,"","23","",0,""
"250190340","OJC”W","2024","04",61.9,"",2,"",14.9,"","02","",0,""
"250190350","DZIE∆KOWICE","2024","01",83.9,"",8,"",12.1,"","06","",0,""
"250190350","DZIE∆KOWICE","2024","02",76.4,"",0,"",16.2,"","08","",0,""
"250190350","DZIE∆KOWICE","2024","03",40.3,"",2,"",8.5,"","12","",0,""
"250190350","DZIE∆KOWICE","2024","04",53.6,"",0,"",14.9,"","01","",0,""
"250190370","CHRZAN”W","2024","01",85.6,"",13,"",12.1,"","01","",0,""
"250190370","CHRZAN”W","2024","02",80.3,"",1,"",14.9,"","08","",0,""
"250190370","CHRZAN”W","2024","03",49.9,"",2,"",8.9,"","24","",0,""
"250190370","CHRZAN”W","2024","04",58.3,"",0,"",13.2,"","02","",0,""
"250190380","BIERU— STARY","2024","01",83.0,"",9,"",14.5,"","06","",0,""
"250190380","BIERU— STARY","2024","02",77.3,"",0,"",19.4,"","04","",0,""
"250190380","BIERU— STARY","2024","03",48.5,"",1,"",9.5,"","24","",0,""
"250190380","BIERU— STARY","2024","04",57.9,"",0,"",19.6,"","01","",0,""
"250190440","OåWI CIM","2024","01",82.8,"",9,"",15.8,"","06","",0,""
"250190440","OåWI CIM","2024","02",90.8,"",0,"",22.5,"","04","",0,""
"250190440","OåWI CIM","2024","03",61.2,"",1,"",13.8,"","12","",0,""
"250190440","OåWI CIM","2024","04",67.4,"",0,"",16.2,"","01","",0,""
"250190570","WOJKOWICE","2024","01",80.6,"",9,"",13.3,"","01","",0,""
"250190570","WOJKOWICE","2024","02",79.4,"",0,"",14.4,"","04","",0,""
"250190570","WOJKOWICE","2024","03",28.8,"",0,"",8.1,"","12","",0,""
"250190570","WOJKOWICE","2024","04",43.4,"",0,"",19.6,"","01","",0,""
"250190580","SOSNOWIEC-JULIUSZ","2024","01",80.3,"",0,"",14.0,"","01","",0,""
"250190580","SOSNOWIEC-JULIUSZ","2024","02",75.8,"",0,"",13.7,"","08","",0,""
"250190580","SOSNOWIEC-JULIUSZ","2024","03",37.7,"",0,"",8.5,"","23","",0,""
"250190580","SOSNOWIEC-JULIUSZ","2024","04",48.1,"",0,"",11.0,"","02","",0,""
"250190850","TROKS","2024","01",125.4,"",0,"",13.3,"","06","",0,""
"250190850","TROKS","2024","02",83.3,"",4,"",19.8,"","03","",0,""
"250190850","TROKS","2024","03",38.9,"",4,"",6.2,"","23","",0,""
"250190850","TROKS","2024","04",88.4,"",2,"",15.4,"","14","",0,""
"250200130","KLISZ”W","2024","01",63.2,"",8,"",11.0,"","06","",0,""
"250200130","KLISZ”W","2024","02",50.0,"",1,"",11.9,"","08","",0,""
"250200130","KLISZ”W","2024","03",28.8,"",1,"",4.8,"","04","",0,""
"250200130","KLISZ”W","2024","04",28.0,"",0,"",9.9,"","02","",0,""
"250200230","BORUSOWA","2024","01",60.4,"",12,"",14.9,"","02","",0,""
"250200230","BORUSOWA","2024","02",39.2,"",0,"",10.7,"","08","",0,""
"250200230","BORUSOWA","2024","03",40.7,"",1,"",6.4,"","28","",0,""
"250200230","BORUSOWA","2024","04",54.9,"",0,"",19.7,"","24","",0,""
"250210020","NOS”W","2024","01",55.9,"",9,"",10.2,"","06","",0,""
"250210020","NOS”W","2024","02",32.8,"",1,"",8.2,"","08","",0,""
"250210020","NOS”W","2024","03",40.5,"",1,"",9.8,"","04","",0,""
"250210020","NOS”W","2024","04",19.4,"",0,"",7.1,"","02","",0,""
"250210030","ANNOPOL","2024","01",61.1,"",7,"",14.4,"","01","",0,""
"250210030","ANNOPOL","2024","02",43.4,"",3,"",8.7,"","08","",0,""
"250210030","ANNOPOL","2024","03",42.6,"",1,"",17.0,"","04","",0,""
"250210030","ANNOPOL","2024","04",20.3,"",0,"",7.7,"","04","",0,""
"250210090","JASTRZ BSKA WOLA","2024","01",79.3,"",11,"",11.7,"","01","",0,""
"250210090","JASTRZ BSKA WOLA","2024","02",47.6,"",2,"",9.3,"","08","",0,""
"250210090","JASTRZ BSKA WOLA","2024","03",31.7,"",2,"",6.5,"","04","",0,""
"250210090","JASTRZ BSKA WOLA","2024","04",32.0,"",0,"",9.4,"","24","",0,""
"250210110","RAK”W","2024","01",77.9,"",13,"",12.5,"","01","",0,""
"250210110","RAK”W","2024","02",50.7,"",2,"",12.1,"","05","",0,""
"250210110","RAK”W","2024","03",28.0,"",1,"",7.5,"","23","",0,""
"250210110","RAK”W","2024","04",39.3,"",0,"",12.1,"","02","",0,""
"250210180","CHORZEL”W","2024","01",65.1,"",9,"",16.2,"","01","",0,""
"250210180","CHORZEL”W","2024","02",46.3,"",1,"",4.8,"","04","",0,""
"250210180","CHORZEL”W","2024","03",60.6,"",0,"",13.8,"","04","",0,""
"250210180","CHORZEL”W","2024","04",37.1,"",0,"",12.9,"","02","",0,""
"250210240","ZAWADA","2024","01",65.3,"",7,"",15.9,"","01","",0,""
"250210240","ZAWADA","2024","02",54.9,"",0,"",8.7,"","08","",0,""
"250210240","ZAWADA","2024","03",38.4,"",1,"",9.2,"","10","",0,""
"250210240","ZAWADA","2024","04",55.8,"",0,"",16.5,"","24","",0,""
"250230050","POTURZYN","2024","01",88.9,"",14,"",14.3,"","06","",0,""
"250230050","POTURZYN","2024","02",46.7,"",2,"",10.9,"","08","",0,""
"250230050","POTURZYN","2024","03",38.2,"",5,"",6.0,"","03","",0,""
"250230050","POTURZYN","2024","04",37.7,"",0,"",12.2,"","02","",0,""
"250230080","TARNOSZYN","2024","01",62.3,"",11,"",10.4,"","01","",0,""
"250230080","TARNOSZYN","2024","02",39.4,"",2,"",9.2,"","08","",0,""
"250230080","TARNOSZYN","2024","03",33.6,"",3,"",4.9,"","04","",0,""
"250230080","TARNOSZYN","2024","04",33.5,"",0,"",7.8,"","23","",0,""
"251140110","SANICE","2024","01",57.2,"",8,"",13.3,"","02","",0,""
"251140110","SANICE","2024","02",69.5,"",0,"",16.3,"","04","",0,""
"251140110","SANICE","2024","03",20.7,"",0,"",5.5,"","24","",0,""
"251140110","SANICE","2024","04",25.0,"",0,"",7.4,"","19","",0,""
"251150030","NOWOGR”D BOBRZA—SKI","2024","01",41.2,"",8,"",10.6,"","02","",0,""
"251150030","NOWOGR”D BOBRZA—SKI","2024","02",62.9,"",1,"",11.5,"","09","",0,""
"251150030","NOWOGR”D BOBRZA—SKI","2024","03",20.2,"",1,"",4.2,"","24","",0,""
"251150030","NOWOGR”D BOBRZA—SKI","2024","04",32.2,"",1,"",5.7,"","19","25",0,""
"251150040","BOROWIEC","2024","01",31.9,"",7,"",10.0,"","02","",0,""
"251150040","BOROWIEC","2024","02",70.6,"",1,"",12.4,"","04","",0,""
"251150040","BOROWIEC","2024","03",12.0,"",0,"",2.9,"","25","",0,""
"251150040","BOROWIEC","2024","04",27.1,"",0,"",4.0,"","19","25",0,""
"251150080","GRABIK","2024","01",45.6,"",8,"",11.0,"","02","",0,""
"251150080","GRABIK","2024","02",67.2,"",0,"",11.5,"","04","",0,""
"251150080","GRABIK","2024","03",21.7,"",0,"",5.3,"","24","",0,""
"251150080","GRABIK","2024","04",26.9,"",0,"",7.3,"","19","",0,""
"251150110","ØAGA—","2024","01",50.7,"",7,"",11.6,"","02","",0,""
"251150110","ØAGA—","2024","02",65.0,"",0,"",11.9,"","04","",0,""
"251150110","ØAGA—","2024","03",21.0,"",0,"",4.3,"","23","",0,""
"251150110","ØAGA—","2024","04",21.4,"",0,"",5.5,"","19","",0,""
"251150180","TOMASZ”W BOLES£AWIECKI","2024","01",48.8,"",8,"",7.5,"","02","",0,""
"251150180","TOMASZ”W BOLES£AWIECKI","2024","02",74.8,"",0,"",15.5,"","04","",0,""
"251150220","NOWOGRODZIEC","2024","01",45.7,"",9,"",8.1,"","02","",0,""
"251150220","NOWOGRODZIEC","2024","02",77.0,"",0,"",20.0,"","04","",0,""
"251150220","NOWOGRODZIEC","2024","03",18.0,"",0,"",6.0,"","24","",0,""
"251150220","NOWOGRODZIEC","2024","04",22.3,"",0,"",4.5,"","19","",0,""
"251150280","TWARDOCICE","2024","01",31.5,"",10,"",5.2,"","02","",0,""
"251150280","TWARDOCICE","2024","02",68.2,"",0,"",20.4,"","04","",0,""
"251150280","TWARDOCICE","2024","03",10.7,"",0,"",4.3,"","24","",0,""
"251150280","TWARDOCICE","2024","04",25.1,"",0,"",12.1,"","20","",0,""
"251150290","SULIK”W","2024","01",37.5,"",8,"",7.0,"","02","",0,""
"251150290","SULIK”W","2024","02",72.5,"",0,"",18.3,"","04","",0,""
"251150290","SULIK”W","2024","03",19.5,"",0,"",5.9,"","24","",0,""
"251150290","SULIK”W","2024","04",18.5,"",0,"",3.9,"","19","",0,""
"251150340","GRYF”W åL•SKI","2024","01",39.6,"",10,"",5.5,"","04","",0,""
"251150340","GRYF”W åL•SKI","2024","02",100.9,"",1,"",27.5,"","04","",0,""
"251150340","GRYF”W åL•SKI","2024","03",14.4,"",0,"",5.9,"","24","",0,""
"251150340","GRYF”W åL•SKI","2024","04",25.5,"",0,"",6.0,"","01","",0,""
"251150350","LUBOMIERZ","2024","01",46.6,"",10,"",6.7,"","04","",0,""
"251150350","LUBOMIERZ","2024","02",99.1,"",1,"",25.5,"","04","",0,""
"251150350","LUBOMIERZ","2024","03",14.0,"",0,"",4.7,"","24","",0,""
"251150350","LUBOMIERZ","2024","04",23.6,"",0,"",6.1,"","20","",0,""
"251150360","åWIERZAWA","2024","01",36.1,"",8,"",6.0,"","02","",0,""
"251150360","åWIERZAWA","2024","02",65.7,"",0,"",17.4,"","04","",0,""
"251150360","åWIERZAWA","2024","03",7.1,"",0,"",2.1,"","24","",0,""
"251150360","åWIERZAWA","2024","04",24.7,"",0,"",10.0,"","20","",0,""
"251150420","STANKOWICE","2024","01",48.1,"",9,"",6.1,"","02","04",0,""
"251150420","STANKOWICE","2024","02",102.9,"",1,"",28.9,"","04","",0,""
"251150420","STANKOWICE","2024","03",16.7,"",0,"",5.5,"","24","",0,""
"251150420","STANKOWICE","2024","04",32.3,"",1,"",8.1,"","20","",0,""
"251150470","MIEDZIANA","2024","01",37.8,"",7,"",5.5,"","02","",0,""
"251150470","MIEDZIANA","2024","02",81.5,"",0,"",19.0,"","04","11",0,""
"251150470","MIEDZIANA","2024","03",16.6,"",0,"",5.5,"","27","",0,""
"251150470","MIEDZIANA","2024","04",26.1,"",0,"",5.0,"","20","",0,""
"251160010","B£OTNICA","2024","01",35.3,"",10,"",10.5,"","02","",0,""
"251160010","B£OTNICA","2024","02",85.8,"",1,"",15.7,"","04","",0,""
"251160010","B£OTNICA","2024","03",25.1,"",0,"",6.1,"","23","",0,""
"251160010","B£OTNICA","2024","04",33.0,"",0,"",4.9,"","19","",0,""
"251160030","RADOMICKO","2024","01",36.0,"",11,"",11.5,"","02","",0,""
"251160030","RADOMICKO","2024","02",86.9,"",1,"",10.4,"","04","",0,""
"251160030","RADOMICKO","2024","03",21.8,"",0,"",5.7,"","23","",0,""
"251160030","RADOMICKO","2024","04",29.6,"",0,"",6.5,"","19","",0,""
"251160110","OSETNO","2024","01",33.6,"",3,"",8.8,"","02","",0,""
"251160110","OSETNO","2024","02",78.6,"",0,"",11.1,"","04","",0,""
"251160110","OSETNO","2024","03",11.3,"",0,"",4.2,"","25","",0,""
"251160110","OSETNO","2024","04",25.9,"",0,"",13.9,"","15","",0,""
"251160140","RUDNA","2024","01",34.9,"",5,"",8.0,"","03","",0,""
"251160140","RUDNA","2024","02",81.2,"",0,"",18.0,"","05","",0,""
"251160140","RUDNA","2024","03",8.2,"",0,"",3.4,"","16","",0,""
"251160140","RUDNA","2024","04",17.1,"",0,"",3.9,"","19","",0,""
"251160150","POLKOWICE DOLNE","2024","01",36.0,"",7,"",7.1,"","02","",0,""
"251160150","POLKOWICE DOLNE","2024","02",71.8,"",1,"",10.0,"","04","",0,""
"251160150","POLKOWICE DOLNE","2024","03",15.5,"",0,"",6.9,"","25","",0,""
"251160150","POLKOWICE DOLNE","2024","04",33.7,"",0,"",10.9,"","01","",0,""
"251160170","CHWA£KOWICE","2024","01",32.0,"",8,"",8.8,"","02","",0,""
"251160170","CHWA£KOWICE","2024","02",68.7,"",1,"",12.6,"","11","",0,""
"251160170","CHWA£KOWICE","2024","03",10.1,"",0,"",2.4,"","22","",0,""
"251160170","CHWA£KOWICE","2024","04",15.5,"",0,"",4.3,"","19","",0,""
"251160190","LUBIN","2024","01",43.6,"",7,"",7.8,"","02","",0,""
"251160190","LUBIN","2024","02",70.9,"",0,"",10.0,"","04","",0,""
"251160190","LUBIN","2024","03",16.3,"",0,"",6.3,"","25","",0,""
"251160190","LUBIN","2024","04",11.7,"",0,"",4.4,"","20","",0,""
"251160220","OBORNIKI åL•SKIE","2024","01",42.2,"",6,"",10.9,"","02","",0,""
"251160220","OBORNIKI åL•SKIE","2024","02",80.2,"",0,"",11.7,"","05","",0,""
"251160220","OBORNIKI åL•SKIE","2024","03",7.2,"",0,"",1.5,"","16","25",0,""
"251160220","OBORNIKI åL•SKIE","2024","04",23.5,"",0,"",6.3,"","20","",0,""
"251160290","JAWOR","2024","01",21.3,"",9,"",5.1,"","15","",0,""
"251160290","JAWOR","2024","02",52.3,"",0,"",13.4,"","04","",0,""
"251160290","JAWOR","2024","03",5.6,"",0,"",1.8,"","24","",0,""
"251160290","JAWOR","2024","04",14.3,"",0,"",4.1,"","20","",0,""
"251160310","K•TY WROC£AWSKIE","2024","01",33.8,"",6,"",9.4,"","02","",0,""
"251160310","K•TY WROC£AWSKIE","2024","02",48.1,"",0,"",10.4,"","23","",0,""
"251160310","K•TY WROC£AWSKIE","2024","03",14.9,"",1,"",3.5,"","24","",0,""
"251160310","K•TY WROC£AWSKIE","2024","04",17.8,"",1,"",6.3,"","01","20",0,""
"251160420","PYSZ•CA","2024","01",36.3,"",8,"",10.3,"","02","",0,""
"251160420","PYSZ•CA","2024","02",74.4,"",0,"",14.0,"","11","",0,""
"251160420","PYSZ•CA","2024","03",12.9,"",0,"",7.0,"","25","",0,""
"251160420","PYSZ•CA","2024","04",17.1,"",0,"",6.4,"","20","",0,""
"251170020","CHOCZ","2024","01",43.7,"",6,"",9.5,"","02","",0,""
"251170020","CHOCZ","2024","02",60.7,"",1,"",11.3,"","23","",0,""
"251170020","CHOCZ","2024","03",13.5,"",0,"",2.2,"","25","",0,""
"251170020","CHOCZ","2024","04",30.1,"",0,"",8.0,"","01","",0,""
"251170040","SZELEJEWO","2024","01",38.3,"",4,"",10.4,"","02","",0,""
"251170040","SZELEJEWO","2024","02",77.7,"",0,"",11.4,"","23","",0,""
"251170040","SZELEJEWO","2024","03",11.8,"",0,"",4.7,"","23","",0,""
"251170060","TRZEBOWA","2024","01",43.7,"",6,"",9.0,"","02","",0,""
"251170060","TRZEBOWA","2024","02",64.9,"",1,"",10.2,"","23","",0,""
"251170060","TRZEBOWA","2024","03",11.0,"",0,"",2.8,"","24","",0,""
"251170060","TRZEBOWA","2024","04",32.7,"",0,"",14.0,"","15","",0,""
"251170130","ODOLAN”W","2024","01",32.3,"",9,"",6.8,"","03","",0,""
"251170130","ODOLAN”W","2024","02",48.9,"",2,"",9.8,"","19","",0,""
"251170130","ODOLAN”W","2024","03",12.3,"",0,"",4.8,"","25","",0,""
"251170130","ODOLAN”W","2024","04",22.3,"",0,"",6.2,"","01","",0,""
"251170140","MILICZ","2024","01",37.8,"",6,"",9.1,"","02","",0,""
"251170140","MILICZ","2024","02",84.1,"",1,"",16.5,"","05","",0,""
"251170140","MILICZ","2024","03",14.2,"",0,"",2.8,"","16","",0,""
"251170140","MILICZ","2024","04",26.6,"",0,"",7.9,"","19","",0,""
"251170150","GRABOWNICA","2024","01",29.2,"",5,"",8.2,"","02","",0,""
"251170150","GRABOWNICA","2024","02",76.5,"",1,"",13.5,"","04","",0,""
"251170150","GRABOWNICA","2024","03",11.2,"",0,"",2.9,"","16","",0,""
"251170150","GRABOWNICA","2024","04",22.2,"",0,"",5.9,"","19","",0,""
"251170270","BIERUT”W","2024","01",41.8,"",8,"",7.5,"","02","",0,""
"251170270","BIERUT”W","2024","02",70.9,"",1,"",12.1,"","05","",0,""
"251170270","BIERUT”W","2024","03",17.9,"",0,"",4.7,"","24","",0,""
"251170270","BIERUT”W","2024","04",39.4,"",1,"",24.5,"","01","",0,""
"251170320","JELCZ-LASKOWICE","2024","01",34.6,"",7,"",9.3,"","02","",0,""
"251170320","JELCZ-LASKOWICE","2024","02",53.0,"",0,"",9.3,"","23","",0,""
"251170320","JELCZ-LASKOWICE","2024","03",17.8,"",0,"",4.1,"","12","",0,""
"251170320","JELCZ-LASKOWICE","2024","04",21.5,"",0,"",12.8,"","01","",0,""
"251170370","TR•BINEK","2024","01",36.0,"",7,"",11.6,"","02","",0,""
"251170370","TR•BINEK","2024","02",67.1,"",1,"",9.7,"","23","",0,""
"251170370","TR•BINEK","2024","03",16.5,"",0,"",5.5,"","23","",0,""
"251170370","TR•BINEK","2024","04",34.1,"",0,"",9.3,"","15","",0,""
"251170380","WOLA KSI•Ø CA","2024","01",32.9,"",6,"",10.0,"","02","",0,""
"251170380","WOLA KSI•Ø CA","2024","02",66.1,"",0,"",13.5,"","23","",0,""
"251170380","WOLA KSI•Ø CA","2024","03",11.3,"",0,"",3.1,"","25","",0,""
"251170380","WOLA KSI•Ø CA","2024","04",25.0,"",0,"",5.0,"","15","19",0,""
"251170410","SOB”TKA II","2024","01",40.4,"",6,"",8.6,"","02","",0,""
"251170410","SOB”TKA II","2024","02",65.1,"",1,"",12.2,"","23","",0,""
"251170410","SOB”TKA II","2024","03",10.9,"",0,"",2.3,"","22","",0,""
"251170410","SOB”TKA II","2024","04",29.4,"",0,"",8.4,"","19","",0,""
"251170430","OSTRZESZ”W II","2024","01",42.1,"",8,"",8.4,"","02","",0,""
"251170430","OSTRZESZ”W II","2024","02",95.4,"",1,"",13.6,"","11","",0,""
"251170430","OSTRZESZ”W II","2024","03",20.0,"",0,"",6.2,"","12","",0,""
"251170430","OSTRZESZ”W II","2024","04",34.4,"",0,"",18.1,"","01","",0,""
"251180030","DOBRA","2024","01",52.2,"",11,"",7.0,"","02","",0,""
"251180030","DOBRA","2024","02",54.8,"",2,"",11.1,"","23","",0,""
"251180030","DOBRA","2024","03",16.6,"",0,"",3.0,"","12","",0,""
"251180030","DOBRA","2024","04",28.0,"",0,"",6.8,"","15","19",0,""
"251180070","SZADEK","2024","01",61.6,"",8,"",9.6,"","03","",0,""
"251180070","SZADEK","2024","02",61.0,"",1,"",6.8,"","23","",0,""
"251180070","SZADEK","2024","03",22.8,"",0,"",4.5,"","23","",0,""
"251180070","SZADEK","2024","04",30.4,"",0,"",6.6,"","01","",0,""
"251180120","CZARTORYJA","2024","01",54.6,"",7,"",8.5,"","02","",0,""
"251180120","CZARTORYJA","2024","02",75.4,"",3,"",9.3,"","23","",0,""
"251180120","CZARTORYJA","2024","03",27.4,"",1,"",6.5,"","12","",0,""
"251180120","CZARTORYJA","2024","04",30.4,"",1,"",6.7,"","19","",0,""
"251180130","WIDAWA","2024","01",54.3,"",8,"",7.6,"","02","",0,""
"251180130","WIDAWA","2024","02",69.8,"",1,"",9.6,"","08","",0,""
"251180130","WIDAWA","2024","03",30.9,"",1,"",4.6,"","12","",0,""
"251180130","WIDAWA","2024","04",26.4,"",2,"",7.0,"","01","",0,""
"251180150","MIRK”W","2024","01",38.6,"",8,"",7.2,"","02","",0,""
"251180150","MIRK”W","2024","02",79.6,"",1,"",11.0,"","23","",0,""
"251180150","MIRK”W","2024","03",14.4,"",0,"",4.2,"","12","",0,""
"251180150","MIRK”W","2024","04",24.6,"",1,"",7.2,"","01","",0,""
"251180340","SEMP”£KI","2024","01",41.4,"",7,"",6.3,"","02","",0,""
"251180340","SEMP”£KI","2024","02",44.5,"",1,"",8.7,"","23","",0,""
"251180340","SEMP”£KI","2024","03",15.2,"",0,"",3.2,"","12","",0,""
"251180340","SEMP”£KI","2024","04",34.0,"",0,"",12.0,"","19","",0,""
"251180350","SIERADZ-DZIGORZEW","2024","01",43.0,"",8,"",6.8,"","02","",0,""
"251180350","SIERADZ-DZIGORZEW","2024","02",56.4,"",1,"",7.8,"","23","",0,""
"251180350","SIERADZ-DZIGORZEW","2024","03",16.9,"",0,"",4.3,"","12","",0,""
"251180350","SIERADZ-DZIGORZEW","2024","04",26.4,"",0,"",7.4,"","19","",0,""
"251180360","WARTA II","2024","01",52.0,"",6,"",11.1,"","03","",0,""
"251180360","WARTA II","2024","02",61.5,"",2,"",9.7,"","23","",0,""
"251180360","WARTA II","2024","03",25.1,"",0,"",8.6,"","12","",0,""
"251180360","WARTA II","2024","04",24.4,"",0,"",6.7,"","01","",0,""
"251180380","SKOMLIN","2024","01",49.0,"",9,"",9.3,"","24","",0,""
"251180380","SKOMLIN","2024","02",67.8,"",1,"",11.8,"","04","",0,""
"251180380","SKOMLIN","2024","03",20.3,"",0,"",4.5,"","16","",0,""
"251180380","SKOMLIN","2024","04",22.1,"",1,"",7.9,"","01","",0,""
"251180410","ZBIERSK II","2024","01",52.8,"",8,"",9.5,"","02","",0,""
"251180410","ZBIERSK II","2024","02",59.7,"",1,"",11.6,"","23","",0,""
"251180410","ZBIERSK II","2024","03",15.1,"",1,"",3.1,"","24","",0,""
"251180410","ZBIERSK II","2024","04",30.6,"",0,"",8.3,"","01","",0,""
"251180420","ZA£ CZE WIELKIE","2024","01",60.1,"",9,"",10.7,"","24","",0,""
"251180420","ZA£ CZE WIELKIE","2024","02",71.6,"",1,"",10.7,"","05","",0,""
"251180420","ZA£ CZE WIELKIE","2024","03",24.9,"",1,"",4.3,"","23","",0,""
"251180420","ZA£ CZE WIELKIE","2024","04",34.1,"",0,"",7.9,"","20","",0,""
"251190020","LU∆MIERZ","2024","01",51.7,"",7,"",8.3,"","02","",0,""
"251190020","LU∆MIERZ","2024","02",45.2,"",0,"",6.1,"","05","",0,""
"251190020","LU∆MIERZ","2024","03",13.5,"",1,"",3.4,"","23","",0,""
"251190020","LU∆MIERZ","2024","04",27.3,"",0,"",9.6,"","01","",0,""
"251190080","KRUSZ”W","2024","01",76.5,"",11,"",9.7,"","24","",0,""
"251190080","KRUSZ”W","2024","02",57.2,"",1,"",6.5,"","23","",0,""
"251190080","KRUSZ”W","2024","03",30.1,"",2,"",7.6,"","23","",0,""
"251190080","KRUSZ”W","2024","04",43.0,"",0,"",15.3,"","15","",0,""
"251190090","LUTOS£AWICE RZ•DOWE","2024","01",73.1,"",9,"",9.5,"","03","",0,""
"251190090","LUTOS£AWICE RZ•DOWE","2024","02",61.5,"",2,"",8.7,"","08","",0,""
"251190090","LUTOS£AWICE RZ•DOWE","2024","03",20.5,"",1,"",3.5,"","12","",0,""
"251190090","LUTOS£AWICE RZ•DOWE","2024","04",33.4,"",1,"",6.5,"","01","",0,""
"251190140","PLUCICE","2024","01",81.3,"",9,"",12.4,"","01","",0,""
"251190140","PLUCICE","2024","02",68.1,"",1,"",9.6,"","08","",0,""
"251190140","PLUCICE","2024","03",33.6,"",2,"",6.9,"","12","",0,""
"251190140","PLUCICE","2024","04",40.4,"",3,"",17.8,"","20","",0,""
"251190150","DOBRYSZYCE","2024","01",64.5,"",10,"",11.5,"","01","",0,""
"251190150","DOBRYSZYCE","2024","02",58.7,"",1,"",8.0,"","08","",0,""
"251190150","DOBRYSZYCE","2024","03",32.2,"",1,"",6.6,"","12","",0,""
"251190150","DOBRYSZYCE","2024","04",37.2,"",0,"",11.6,"","20","",0,""
"251190160","PRZEDB”RZ","2024","01",71.7,"",8,"",12.6,"","01","",0,""
"251190160","PRZEDB”RZ","2024","02",57.7,"",1,"",6.9,"","08","",0,""
"251190160","PRZEDB”RZ","2024","03",34.5,"",0,"",8.0,"","12","",0,""
"251190160","PRZEDB”RZ","2024","04",33.0,"",0,"",9.6,"","20","",0,""
"251190180","BOBRY","2024","01",78.8,"",9,"",12.5,"","01","",0,""
"251190180","BOBRY","2024","02",64.8,"",1,"",8.2,"","09","",0,""
"251190180","BOBRY","2024","03",34.6,"",0,"",10.0,"","12","",0,""
"251190180","BOBRY","2024","04",39.2,"",1,"",12.4,"","20","",0,""
"251190230","JAROSTY","2024","01",67.6,"",10,"",9.1,"","01","",0,""
"251190230","JAROSTY","2024","02",57.6,"",2,"",11.2,"","08","",0,""
"251190230","JAROSTY","2024","03",22.6,"",0,"",4.3,"","12","",0,""
"251190230","JAROSTY","2024","04",29.0,"",0,"",6.2,"","19","",0,""
"251190260","CHAJCZYNY","2024","03",27.2,"",0,"",3.8,"","25","",0,""
"251190260","CHAJCZYNY","2024","04",30.4,"",0,"",7.9,"","01","",0,""
"251200050","SADKOWICE","2024","01",67.9,"",9,"",14.5,"","01","",0,""
"251200050","SADKOWICE","2024","02",44.7,"",2,"",6.0,"","23","",0,""
"251200050","SADKOWICE","2024","03",26.0,"",2,"",4.1,"","12","23",0,""
"251200050","SADKOWICE","2024","04",29.1,"",0,"",9.0,"","20","",0,""
"251200070","W”LKA JAGIELCZY—SKA","2024","01",57.9,"",9,"",10.8,"","01","",0,""
"251200070","W”LKA JAGIELCZY—SKA","2024","02",43.0,"",2,"",6.6,"","05","",0,""
"251200070","W”LKA JAGIELCZY—SKA","2024","03",25.5,"",1,"",5.7,"","12","",0,""
"251200070","W”LKA JAGIELCZY—SKA","2024","04",42.0,"",0,"",17.0,"","20","",0,""
"251200080","BIA£OBRZEGI","2024","01",69.4,"",11,"",15.3,"","01","",0,""
"251200170","CHE£STY","2024","01",77.0,"",9,"",12.1,"","01","",0,""
"251200170","CHE£STY","2024","02",52.8,"",1,"",8.0,"","08","",0,""
"251200170","CHE£STY","2024","03",38.7,"",3,"",7.4,"","28","",0,""
"251200170","CHE£STY","2024","04",31.8,"",2,"",8.4,"","19","",0,""
"251200240","STANOWISKA","2024","01",80.4,"",10,"",12.6,"","24","",0,""
"251200240","STANOWISKA","2024","02",59.4,"",2,"",9.2,"","08","",0,""
"251200240","STANOWISKA","2024","03",38.8,"",3,"",7.6,"","12","",0,""
"251200240","STANOWISKA","2024","04",38.2,"",2,"",8.7,"","20","",0,""
"251200260","PILCZYCA","2024","01",77.4,"",9,"",10.1,"","01","",0,""
"251200260","PILCZYCA","2024","02",58.3,"",1,"",9.2,"","08","",0,""
"251200260","PILCZYCA","2024","03",41.1,"",2,"",9.3,"","12","",0,""
"251200260","PILCZYCA","2024","04",27.7,"",2,"",7.8,"","02","",0,""
"251200270","D•BR”WKA STARA","2024","01",67.0,"",0,"",14.8,"","01","",0,""
"251200270","D•BR”WKA STARA","2024","02",41.9,"",0,"",6.2,"","05","",0,""
"251200270","D•BR”WKA STARA","2024","03",28.3,"",0,"",5.9,"","23","",0,""
"251200270","D•BR”WKA STARA","2024","04",27.2,"",0,"",5.6,"","02","",0,""
"251210010","G”RA KALWARIA","2024","01",76.4,"",13,"",15.3,"","01","",0,""
"251210010","G”RA KALWARIA","2024","02",50.8,"",2,"",8.1,"","05","",0,""
"251210010","G”RA KALWARIA","2024","03",33.9,"",0,"",6.5,"","23","",0,""
"251210010","G”RA KALWARIA","2024","04",30.9,"",0,"",7.0,"","15","",0,""
"251210090","BARTODZIEJE","2024","01",63.8,"",10,"",14.9,"","01","",0,""
"251210090","BARTODZIEJE","2024","02",45.2,"",2,"",6.7,"","08","",0,""
"251210090","BARTODZIEJE","2024","03",35.5,"",2,"",5.5,"","22","",0,""
"251210090","BARTODZIEJE","2024","04",26.5,"",0,"",6.9,"","19","",0,""
"251210210","GRABOWIEC","2024","01",53.1,"",10,"",11.6,"","01","",0,""
"251210210","GRABOWIEC","2024","02",44.0,"",2,"",10.1,"","08","",0,""
"251210210","GRABOWIEC","2024","03",34.9,"",2,"",8.6,"","04","",0,""
"251210210","GRABOWIEC","2024","04",27.6,"",0,"",7.7,"","04","",0,""
"251210230","STARACHOWICE","2024","01",69.8,"",10,"",9.2,"","01","",0,""
"251210230","STARACHOWICE","2024","02",45.7,"",2,"",8.7,"","08","",0,""
"251210230","STARACHOWICE","2024","03",41.8,"",1,"",9.1,"","04","",0,""
"251210230","STARACHOWICE","2024","04",36.4,"",1,"",9.8,"","20","",0,""
"251210240","BRODY I£ØECKIE","2024","01",59.2,"",8,"",11.3,"","01","",0,""
"251210240","BRODY I£ØECKIE","2024","02",41.8,"",1,"",9.1,"","08","",0,""
"251210240","BRODY I£ØECKIE","2024","03",33.9,"",1,"",9.2,"","04","",0,""
"251210240","BRODY I£ØECKIE","2024","04",23.8,"",0,"",5.5,"","02","",0,""
"251210270","BASIN”W","2024","01",66.8,"",12,"",16.9,"","01","",0,""
"251210270","BASIN”W","2024","02",51.9,"",2,"",7.8,"","23","",0,""
"251210270","BASIN”W","2024","03",29.7,"",2,"",5.7,"","23","",0,""
"251210270","BASIN”W","2024","04",27.1,"",0,"",5.9,"","04","",0,""
"251210310","CZARNA KOLONIA","2024","01",64.6,"",9,"",16.6,"","01","",0,""
"251210310","CZARNA KOLONIA","2024","02",51.5,"",2,"",6.9,"","08","",0,""
"251210310","CZARNA KOLONIA","2024","03",35.0,"",2,"",6.0,"","05","22",0,""
"251210310","CZARNA KOLONIA","2024","04",27.3,"",0,"",7.0,"","02","",0,""
"251220040","RADZY— PODLASKI","2024","01",70.4,"",12,"",17.3,"","01","",0,""
"251220040","RADZY— PODLASKI","2024","02",51.0,"",2,"",7.6,"","05","",0,""
"251220040","RADZY— PODLASKI","2024","03",20.7,"",2,"",4.0,"","22","",0,""
"251220040","RADZY— PODLASKI","2024","04",35.2,"",0,"",8.5,"","20","",0,""
"251220190","K PA","2024","01",73.6,"",12,"",20.2,"","01","",0,""
"251220190","K PA","2024","02",49.5,"",1,"",7.6,"","09","",0,""
"251220190","K PA","2024","03",49.4,"",2,"",22.3,"","04","",0,""
"251220190","K PA","2024","04",35.2,"",2,"",9.3,"","04","",0,""
"251220220","SOBIESZYN","2024","01",63.7,"",13,"",20.0,"","01","",0,""
"251220220","SOBIESZYN","2024","02",55.7,"",2,"",6.7,"","05","",0,""
"251220220","SOBIESZYN","2024","03",23.2,"",2,"",6.3,"","22","",0,""
"251220220","SOBIESZYN","2024","04",25.7,"",0,"",5.3,"","04","",0,""
"251230060","UHNIN","2024","01",73.8,"",13,"",21.3,"","01","",0,""
"251230060","UHNIN","2024","02",53.5,"",2,"",8.1,"","25","",0,""
"251230060","UHNIN","2024","03",43.2,"",2,"",26.1,"","04","",0,""
"251230060","UHNIN","2024","04",38.4,"",0,"",8.5,"","24","",0,""
"251230090","GARBAT”WKA","2024","01",69.2,"",14,"",19.8,"","01","",0,""
"251230090","GARBAT”WKA","2024","02",50.0,"",3,"",10.6,"","25","",0,""
"251230090","GARBAT”WKA","2024","03",55.5,"",3,"",27.1,"","04","",0,""
"251230090","GARBAT”WKA","2024","04",37.5,"",1,"",7.9,"","24","",0,""
"251230150","DOROHUSK","2024","01",65.8,"",12,"",18.3,"","01","",0,""
"251230150","DOROHUSK","2024","02",59.4,"",0,"",8.0,"","07","",0,""
"251230150","DOROHUSK","2024","03",32.8,"",2,"",13.0,"","04","",0,""
"251230150","DOROHUSK","2024","04",37.0,"",0,"",16.5,"","02","",0,""
"251230210","DUBICA G”RNA","2024","01",73.9,"",12,"",16.2,"","01","",0,""
"251230210","DUBICA G”RNA","2024","02",54.0,"",2,"",6.1,"","05","",0,""
"251230210","DUBICA G”RNA","2024","03",35.0,"",2,"",10.8,"","04","",0,""
"251230210","DUBICA G”RNA","2024","04",47.4,"",0,"",9.2,"","24","",0,""
"252140010","CHOJNA","2024","01",48.7,"",6,"",12.2,"","02","",0,""
"252140010","CHOJNA","2024","02",70.2,"",3,"",8.3,"","11","",0,""
"252140010","CHOJNA","2024","03",27.4,"",0,"",7.8,"","23","",0,""
"252140010","CHOJNA","2024","04",32.6,"",0,"",6.5,"","15","",0,""
"252140020","MYåLIB”RZ","2024","01",47.4,"",9,"",13.4,"","02","",0,""
"252140020","MYåLIB”RZ","2024","02",67.9,"",2,"",12.2,"","11","",0,""
"252140020","MYåLIB”RZ","2024","03",31.6,"",0,"",10.9,"","23","",0,""
"252140020","MYåLIB”RZ","2024","04",32.8,"",0,"",6.6,"","15","",0,""
"252140060","GOZDOWICE","2024","01",51.7,"",5,"",12.8,"","02","",0,""
"252140060","GOZDOWICE","2024","02",73.0,"",1,"",15.2,"","05","",0,""
"252140070","BOLESZKOWICE","2024","01",54.4,"",7,"",16.4,"","02","",0,""
"252140070","BOLESZKOWICE","2024","02",81.1,"",2,"",11.2,"","05","",0,""
"252140070","BOLESZKOWICE","2024","03",29.7,"",0,"",7.8,"","23","",0,""
"252140070","BOLESZKOWICE","2024","04",36.6,"",0,"",6.7,"","15","",0,""
"252140090","KOSTRZYN NAD ODR•","2024","01",58.5,"",6,"",17.5,"","02","",0,""
"252140090","KOSTRZYN NAD ODR•","2024","02",82.1,"",1,"",11.0,"","11","",0,""
"252140090","KOSTRZYN NAD ODR•","2024","03",35.6,"",0,"",9.3,"","22","",0,""
"252140090","KOSTRZYN NAD ODR•","2024","04",23.8,"",0,"",7.8,"","19","",0,""
"252140120","BOCZ”W","2024","01",46.4,"",8,"",10.1,"","02","",0,""
"252140120","BOCZ”W","2024","02",70.3,"",0,"",9.4,"","19","",0,""
"252140120","BOCZ”W","2024","03",37.0,"",0,"",15.4,"","23","",0,""
"252140120","BOCZ”W","2024","04",32.0,"",0,"",5.5,"","15","",0,""
"252140150","MASZEWO","2024","01",40.1,"",5,"",9.3,"","02","",0,""
"252140150","MASZEWO","2024","02",68.5,"",1,"",11.5,"","09","",0,""
"252140150","MASZEWO","2024","03",25.3,"",0,"",6.8,"","23","",0,""
"252140150","MASZEWO","2024","04",36.4,"",0,"",10.0,"","15","",0,""
"252140180","BIA£CZYK","2024","01",51.7,"",8,"",14.7,"","02","",0,""
"252140180","BIA£CZYK","2024","02",71.3,"",1,"",9.6,"","11","",0,""
"252140180","BIA£CZYK","2024","03",30.1,"",0,"",8.5,"","22","",0,""
"252140180","BIA£CZYK","2024","04",30.0,"",0,"",5.0,"","19","",0,""
"252140190","MACZK”W","2024","01",52.1,"",7,"",10.5,"","02","",0,""
"252140190","MACZK”W","2024","02",69.0,"",1,"",10.1,"","19","",0,""
"252140190","MACZK”W","2024","03",31.5,"",0,"",7.8,"","23","",0,""
"252140190","MACZK”W","2024","04",23.8,"",0,"",5.6,"","25","",0,""
"252150020","DOBIEGNIEW","2024","01",60.1,"",7,"",11.9,"","02","",0,""
"252150020","DOBIEGNIEW","2024","02",73.6,"",1,"",9.6,"","05","11",0,""
"252150030","GIØYN","2024","01",43.9,"",6,"",14.0,"","02","",0,""
"252150030","GIØYN","2024","02",72.9,"",1,"",10.2,"","11","",0,""
"252150030","GIØYN","2024","03",24.4,"",0,"",10.0,"","23","",0,""
"252150030","GIØYN","2024","04",49.6,"",0,"",10.2,"","15","",0,""
"252150040","£UBIANKA","2024","01",50.9,"",9,"",15.0,"","02","",0,""
"252150040","£UBIANKA","2024","02",76.9,"",1,"",12.5,"","11","",0,""
"252150040","£UBIANKA","2024","03",24.1,"",0,"",6.7,"","23","",0,""
"252150040","£UBIANKA","2024","04",47.1,"",0,"",11.0,"","02","",0,""
"252150050","KRZYØ","2024","01",64.4,"",8,"",14.6,"","02","",0,""
"252150050","KRZYØ","2024","02",73.0,"",2,"",10.7,"","05","",0,""
"252150050","KRZYØ","2024","03",29.0,"",0,"",9.6,"","23","",0,""
"252150050","KRZYØ","2024","04",34.4,"",0,"",5.4,"","15","",0,""
"252150070","DREZDENKO","2024","01",72.1,"",8,"",15.6,"","02","",0,""
"252150070","DREZDENKO","2024","02",72.0,"",1,"",10.8,"","05","",0,""
"252150070","DREZDENKO","2024","03",25.2,"",0,"",11.1,"","23","",0,""
"252150070","DREZDENKO","2024","04",37.1,"",0,"",6.5,"","02","",0,""
"252150080","GOåCIM","2024","01",54.6,"",7,"",12.6,"","02","",0,""
"252150080","GOåCIM","2024","02",67.9,"",2,"",9.1,"","11","",0,""
"252150080","GOåCIM","2024","03",26.2,"",0,"",13.0,"","23","",0,""
"252150080","GOåCIM","2024","04",42.3,"",0,"",6.2,"","02","",0,""
"252150090","KRZESZYCE","2024","01",46.4,"",5,"",13.0,"","02","",0,""
"252150090","KRZESZYCE","2024","02",77.7,"",0,"",10.5,"","11","",0,""
"252150090","KRZESZYCE","2024","03",26.0,"",0,"",12.7,"","23","",0,""
"252150090","KRZESZYCE","2024","04",30.0,"",1,"",5.9,"","05","",0,""
"252150140","LUBNIEWICE","2024","01",57.4,"",8,"",13.5,"","02","",0,""
"252150140","LUBNIEWICE","2024","02",83.9,"",1,"",12.3,"","09","",0,""
"252150140","LUBNIEWICE","2024","03",27.0,"",0,"",9.3,"","23","",0,""
"252150140","LUBNIEWICE","2024","04",32.2,"",0,"",5.2,"","05","",0,""
"252150150","MI DZYRZECZ","2024","01",47.7,"",6,"",12.1,"","02","",0,""
"252150150","MI DZYRZECZ","2024","02",71.2,"",1,"",11.2,"","11","",0,""
"252150150","MI DZYRZECZ","2024","03",25.6,"",0,"",9.5,"","23","",0,""
"252150150","MI DZYRZECZ","2024","04",38.6,"",1,"",8.5,"","19","",0,""
"252150160","LUTOL SUCHY","2024","01",47.8,"",9,"",12.1,"","02","",0,""
"252150160","LUTOL SUCHY","2024","02",74.4,"",1,"",10.7,"","04","",0,""
"252150160","LUTOL SUCHY","2024","03",28.6,"",0,"",7.6,"","22","",0,""
"252150160","LUTOL SUCHY","2024","04",31.6,"",1,"",8.7,"","15","",0,""
"252150210","GRYØYNA","2024","01",58.0,"",9,"",12.0,"","02","",0,""
"252150210","GRYØYNA","2024","02",92.9,"",1,"",18.5,"","04","",0,""
"252150210","GRYØYNA","2024","03",29.6,"",0,"",6.5,"","23","",0,""
"252150210","GRYØYNA","2024","04",39.3,"",1,"",15.0,"","15","",0,""
"252150220","SULECH”W","2024","01",49.0,"",8,"",12.4,"","02","",0,""
"252150220","SULECH”W","2024","02",89.5,"",1,"",24.8,"","04","",0,""
"252150220","SULECH”W","2024","03",28.8,"",0,"",5.8,"","23","",0,""
"252150220","SULECH”W","2024","04",40.9,"",0,"",14.7,"","15","",0,""
"252150230","KARGOWA","2024","01",43.2,"",9,"",12.1,"","02","",0,""
"252150230","KARGOWA","2024","02",84.8,"",1,"",17.6,"","04","",0,""
"252150230","KARGOWA","2024","03",24.1,"",0,"",6.5,"","23","",0,""
"252150230","KARGOWA","2024","04",28.3,"",1,"",3.8,"","01","",0,""
"252150280","SKWIERZYNA","2024","01",47.4,"",4,"",12.2,"","02","",0,""
"252150280","SKWIERZYNA","2024","02",71.9,"",0,"",11.8,"","05","",0,""
"252150280","SKWIERZYNA","2024","03",25.8,"",0,"",9.9,"","23","",0,""
"252150280","SKWIERZYNA","2024","04",39.9,"",1,"",12.5,"","15","",0,""
"252150310","N•DNIA","2024","01",42.9,"",6,"",13.9,"","02","",0,""
"252150310","N•DNIA","2024","02",75.3,"",2,"",9.2,"","11","",0,""
"252150310","N•DNIA","2024","03",26.1,"",0,"",7.2,"","22","",0,""
"252150310","N•DNIA","2024","04",55.6,"",1,"",22.7,"","15","",0,""
"252150320","BRZOZA","2024","01",59.9,"",6,"",15.1,"","02","",0,""
"252150320","BRZOZA","2024","02",70.1,"",1,"",10.0,"","05","",0,""
"252150320","BRZOZA","2024","03",32.9,"",0,"",10.8,"","23","",0,""
"252150320","BRZOZA","2024","04",35.4,"",0,"",4.4,"","15","",0,""
"252150340","£UGI","2024","03",31.8,"",0,"",10.0,"","23","",0,""
"252150340","£UGI","2024","04",36.5,"",0,"",6.4,"","15","",0,""
"252160010","KUèNICA CZARNKOWSKA","2024","01",62.8,"",7,"",11.7,"","02","",0,""
"252160010","KUèNICA CZARNKOWSKA","2024","02",71.5,"",1,"",11.7,"","05","",0,""
"252160010","KUèNICA CZARNKOWSKA","2024","03",22.7,"",0,"",10.0,"","23","",0,""
"252160010","KUèNICA CZARNKOWSKA","2024","04",34.4,"",2,"",9.9,"","15","",0,""
"252160020","PODANIN","2024","01",58.5,"",6,"",10.0,"","02","",0,""
"252160020","PODANIN","2024","02",75.8,"",1,"",11.5,"","23","",0,""
"252160020","PODANIN","2024","03",23.7,"",0,"",8.5,"","23","",0,""
"252160020","PODANIN","2024","04",36.9,"",0,"",12.0,"","15","",0,""
"252160030","MIA£Y","2024","01",72.0,"",8,"",13.2,"","02","",0,""
"252160030","MIA£Y","2024","02",75.0,"",1,"",11.2,"","05","",0,""
"252160030","MIA£Y","2024","03",27.7,"",0,"",12.0,"","23","",0,""
"252160030","MIA£Y","2024","04",44.2,"",1,"",8.9,"","15","",0,""
"252160040","MI£KOWO","2024","01",57.8,"",7,"",12.5,"","02","",0,""
"252160040","MI£KOWO","2024","02",72.2,"",1,"",11.4,"","05","",0,""
"252160040","MI£KOWO","2024","03",21.8,"",0,"",9.8,"","23","",0,""
"252160040","MI£KOWO","2024","04",39.8,"",1,"",10.8,"","15","",0,""
"252160060","ROGOèNO","2024","01",55.3,"",4,"",10.0,"","02","",0,""
"252160060","ROGOèNO","2024","02",71.9,"",1,"",12.4,"","09","",0,""
"252160060","ROGOèNO","2024","03",20.9,"",0,"",6.0,"","23","",0,""
"252160060","ROGOèNO","2024","04",54.4,"",0,"",14.5,"","15","",0,""
"252160070","WRONKI","2024","01",43.4,"",7,"",12.1,"","02","",0,""
"252160070","WRONKI","2024","02",59.7,"",1,"",7.2,"","09","",0,""
"252160070","WRONKI","2024","03",18.3,"",0,"",8.0,"","23","",0,""
"252160070","WRONKI","2024","04",38.9,"",0,"",6.2,"","15","",0,""
"252160090","NOJEWO","2024","01",58.2,"",8,"",11.6,"","02","",0,""
"252160090","NOJEWO","2024","02",70.2,"",2,"",9.1,"","05","",0,""
"252160090","NOJEWO","2024","03",22.8,"",0,"",9.7,"","23","",0,""
"252160090","NOJEWO","2024","04",36.8,"",0,"",8.0,"","15","",0,""
"252160110","SZAMOTU£Y-BABOR”WKO","2024","01",41.0,"",6,"",9.0,"","02","",0,""
"252160110","SZAMOTU£Y-BABOR”WKO","2024","02",59.2,"",2,"",8.6,"","09","",0,""
"252160110","SZAMOTU£Y-BABOR”WKO","2024","03",16.9,"",0,"",6.3,"","23","",0,""
"252160110","SZAMOTU£Y-BABOR”WKO","2024","04",40.6,"",1,"",8.8,"","15","",0,""
"252160120","Z£OTNIKI","2024","01",55.5,"",7,"",12.4,"","02","",0,""
"252160120","Z£OTNIKI","2024","02",74.2,"",0,"",10.2,"","05","",0,""
"252160120","Z£OTNIKI","2024","03",22.0,"",0,"",7.4,"","23","",0,""
"252160120","Z£OTNIKI","2024","04",53.9,"",0,"",16.1,"","15","",0,""
"252160130","Z BOWO","2024","01",67.0,"",8,"",14.0,"","02","",0,""
"252160130","Z BOWO","2024","02",79.7,"",2,"",10.8,"","11","",0,""
"252160130","Z BOWO","2024","03",25.0,"",0,"",8.5,"","23","",0,""
"252160130","Z BOWO","2024","04",44.5,"",1,"",6.9,"","19","",0,""
"252160140","GRZEBIENISKO","2024","01",43.1,"",7,"",12.5,"","02","",0,""
"252160140","GRZEBIENISKO","2024","02",65.5,"",3,"",11.9,"","05","",0,""
"252160140","GRZEBIENISKO","2024","03",22.0,"",0,"",7.3,"","23","",0,""
"252160140","GRZEBIENISKO","2024","04",34.8,"",1,"",14.2,"","15","",0,""
"252160160","PAPRO∆","2024","01",40.5,"",8,"",13.4,"","02","",0,""
"252160160","PAPRO∆","2024","02",74.4,"",2,"",10.0,"","11","",0,""
"252160160","PAPRO∆","2024","03",28.5,"",0,"",8.9,"","23","",0,""
"252160160","PAPRO∆","2024","04",43.2,"",0,"",18.2,"","15","",0,""
"252160170","ST SZEW","2024","01",38.4,"",6,"",9.8,"","02","",0,""
"252160170","ST SZEW","2024","02",68.8,"",0,"",9.2,"","09","",0,""
"252160170","ST SZEW","2024","03",16.9,"",0,"",6.1,"","22","",0,""
"252160170","ST SZEW","2024","04",46.7,"",0,"",13.4,"","01","",0,""
"252160190","JAB£ONNA","2024","01",42.1,"",8,"",12.2,"","02","",0,""
"252160190","JAB£ONNA","2024","02",85.3,"",1,"",11.3,"","11","",0,""
"252160190","JAB£ONNA","2024","03",21.5,"",0,"",8.0,"","23","",0,""
"252160190","JAB£ONNA","2024","04",43.8,"",0,"",8.9,"","19","",0,""
"252160210","KONOJAD","2024","01",33.5,"",7,"",10.7,"","02","",0,""
"252160210","KONOJAD","2024","02",65.1,"",2,"",9.0,"","11","",0,""
"252160210","KONOJAD","2024","03",13.9,"",0,"",5.3,"","22","",0,""
"252160210","KONOJAD","2024","04",46.8,"",0,"",20.4,"","01","",0,""
"252160220","BRODNICA","2024","01",33.3,"",6,"",11.1,"","02","",0,""
"252160220","BRODNICA","2024","02",63.8,"",1,"",8.8,"","09","",0,""
"252160220","BRODNICA","2024","03",17.2,"",0,"",4.9,"","23","",0,""
"252160220","BRODNICA","2024","04",25.2,"",0,"",7.2,"","19","",0,""
"252160250","TUREW","2024","01",35.1,"",7,"",12.0,"","02","",0,""
"252160250","TUREW","2024","02",68.8,"",0,"",9.0,"","09","16",0,""
"252160250","TUREW","2024","03",16.2,"",0,"",3.7,"","23","",0,""
"252160250","TUREW","2024","04",26.3,"",0,"",7.5,"","19","",0,""
"252160260","åWI TNO","2024","01",38.0,"",8,"",12.3,"","02","",0,""
"252160260","åWI TNO","2024","02",78.9,"",1,"",13.9,"","04","",0,""
"252160260","åWI TNO","2024","03",19.9,"",0,"",4.4,"","23","",0,""
"252160260","åWI TNO","2024","04",28.3,"",0,"",4.2,"","01","",0,""
"252160310","DRUØYNA POZNA—SKA","2024","01",37.1,"",7,"",12.6,"","02","",0,""
"252160310","DRUØYNA POZNA—SKA","2024","02",66.0,"",2,"",9.4,"","05","",0,""
"252160310","DRUØYNA POZNA—SKA","2024","03",15.5,"",0,"",5.8,"","22","",0,""
"252160310","DRUØYNA POZNA—SKA","2024","04",28.1,"",0,"",7.8,"","19","",0,""
"252160320","OBORNIKI WIELKOPOLSKIE II","2024","01",55.9,"",7,"",11.7,"","02","",0,""
"252160320","OBORNIKI WIELKOPOLSKIE II","2024","02",69.0,"",1,"",10.5,"","05","",0,""
"252160320","OBORNIKI WIELKOPOLSKIE II","2024","03",25.0,"",0,"",7.4,"","23","",0,""
"252160320","OBORNIKI WIELKOPOLSKIE II","2024","04",38.7,"",0,"",11.2,"","15","",0,""
"252160330","MICHORZEWO II","2024","01",44.9,"",7,"",12.1,"","02","",0,""
"252160330","MICHORZEWO II","2024","02",63.1,"",1,"",8.1,"","11","",0,""
"252160330","MICHORZEWO II","2024","03",22.7,"",0,"",9.1,"","23","",0,""
"252160330","MICHORZEWO II","2024","04",45.1,"",0,"",17.7,"","15","",0,""
"252160340","KOåCIAN II","2024","01",41.1,"",3,"",11.8,"","02","",0,""
"252160340","KOåCIAN II","2024","02",77.6,"",0,"",9.5,"","09","",0,""
"252160340","KOåCIAN II","2024","03",17.8,"",0,"",5.2,"","23","",0,""
"252160340","KOåCIAN II","2024","04",31.5,"",0,"",7.5,"","19","",0,""
"252160360","PRZYJEZIERZE","2024","03",23.9,"",0,"",5.9,"","23","",0,""
"252160360","PRZYJEZIERZE","2024","04",32.6,"",0,"",7.4,"","15","",0,""
"252170010","ZALESIE","2024","01",51.9,"",7,"",10.9,"","03","",0,""
"252170010","ZALESIE","2024","02",76.8,"",2,"",14.7,"","23","",0,""
"252170010","ZALESIE","2024","03",27.5,"",0,"",6.2,"","11","",0,""
"252170010","ZALESIE","2024","04",45.9,"",2,"",13.6,"","15","",0,""
"252170020","GO£A—CZ","2024","01",54.8,"",8,"",9.9,"","03","",0,""
"252170020","GO£A—CZ","2024","02",65.1,"",1,"",10.2,"","23","",0,""
"252170020","GO£A—CZ","2024","03",23.3,"",0,"",6.1,"","23","",0,""
"252170020","GO£A—CZ","2024","04",39.9,"",1,"",12.5,"","15","",0,""
"252170040","ØNIN","2024","01",43.8,"",8,"",8.2,"","02","",0,""
"252170040","ØNIN","2024","02",60.7,"",1,"",13.6,"","23","",0,""
"252170040","ØNIN","2024","03",19.7,"",0,"",8.0,"","23","",0,""
"252170040","ØNIN","2024","04",47.2,"",0,"",16.0,"","15","",0,""
"252170050","BOBROWNIKI","2024","01",40.0,"",5,"",7.5,"","02","",0,""
"252170050","BOBROWNIKI","2024","02",55.4,"",1,"",9.4,"","23","",0,""
"252170050","BOBROWNIKI","2024","03",22.1,"",0,"",4.5,"","23","",0,""
"252170050","BOBROWNIKI","2024","04",42.7,"",0,"",10.0,"","01","15",0,""
"252170070","SZELEJEWO","2024","01",47.8,"",6,"",10.5,"","24","",0,""
"252170070","SZELEJEWO","2024","02",66.8,"",1,"",14.0,"","23","",0,""
"252170070","SZELEJEWO","2024","03",18.0,"",0,"",6.5,"","23","",0,""
"252170070","SZELEJEWO","2024","04",41.7,"",0,"",12.5,"","15","",0,""
"252170090","TRZEMESZNO","2024","01",47.3,"",8,"",9.1,"","02","",0,""
"252170090","TRZEMESZNO","2024","02",63.6,"",1,"",13.9,"","23","",0,""
"252170090","TRZEMESZNO","2024","03",19.2,"",0,"",7.8,"","23","",0,""
"252170090","TRZEMESZNO","2024","04",37.0,"",0,"",9.7,"","05","",0,""
"252170120","POBIEDZISKA","2024","01",57.3,"",8,"",11.5,"","02","",0,""
"252170120","POBIEDZISKA","2024","02",71.2,"",1,"",9.1,"","11","",0,""
"252170120","POBIEDZISKA","2024","03",20.6,"",0,"",8.1,"","23","",0,""
"252170120","POBIEDZISKA","2024","04",40.6,"",0,"",9.5,"","15","",0,""
"252170150","POWIDZ","2024","01",53.9,"",8,"",9.1,"","02","",0,""
"252170150","POWIDZ","2024","02",60.0,"",1,"",12.6,"","23","",0,""
"252170150","POWIDZ","2024","03",21.7,"",0,"",6.6,"","23","",0,""
"252170150","POWIDZ","2024","04",41.0,"",0,"",12.6,"","19","",0,""
"252170160","KOSTRZYN","2024","01",45.6,"",6,"",11.7,"","02","",0,""
"252170160","KOSTRZYN","2024","02",63.3,"",1,"",9.2,"","23","",0,""
"252170160","KOSTRZYN","2024","03",18.1,"",0,"",6.1,"","23","",0,""
"252170160","KOSTRZYN","2024","04",32.5,"",2,"",8.0,"","15","",0,""
"252170170","NAGRADOWICE","2024","01",44.9,"",9,"",10.6,"","02","",0,""
"252170170","NAGRADOWICE","2024","02",69.5,"",2,"",9.1,"","23","",0,""
"252170170","NAGRADOWICE","2024","03",18.6,"",0,"",6.2,"","23","",0,""
"252170170","NAGRADOWICE","2024","04",29.3,"",0,"",6.3,"","19","",0,""
"252170190","S£UPCA","2024","01",40.7,"",6,"",9.6,"","02","",0,""
"252170190","S£UPCA","2024","02",48.7,"",1,"",11.8,"","23","",0,""
"252170190","S£UPCA","2024","03",18.5,"",0,"",3.4,"","24","",0,""
"252170190","S£UPCA","2024","04",31.7,"",0,"",7.7,"","01","",0,""
"252170220","PIOTROWO","2024","01",42.7,"",8,"",9.5,"","02","",0,""
"252170220","PIOTROWO","2024","02",49.6,"",1,"",11.4,"","23","",0,""
"252170220","PIOTROWO","2024","03",25.1,"",0,"",6.8,"","23","",0,""
"252170220","PIOTROWO","2024","04",43.8,"",0,"",11.0,"","15","",0,""
"252170230","WINNA G”RA","2024","01",36.9,"",5,"",10.5,"","02","",0,""
"252170230","WINNA G”RA","2024","02",66.9,"",2,"",11.5,"","23","",0,""
"252170230","WINNA G”RA","2024","03",23.6,"",0,"",7.7,"","23","",0,""
"252170230","WINNA G”RA","2024","04",40.7,"",0,"",10.3,"","01","",0,""
"252170270","åREM","2024","01",32.9,"",6,"",11.4,"","02","",0,""
"252170270","åREM","2024","02",70.5,"",0,"",10.5,"","09","",0,""
"252170270","åREM","2024","03",12.5,"",0,"",3.2,"","22","",0,""
"252170270","åREM","2024","04",32.2,"",0,"",10.1,"","15","",0,""
"252170280","KL KA","2024","01",38.1,"",10,"",12.6,"","02","",0,""
"252170280","KL KA","2024","02",70.2,"",1,"",14.0,"","23","",0,""
"252170280","KL KA","2024","03",17.9,"",0,"",4.9,"","25","",0,""
"252170280","KL KA","2024","04",33.7,"",0,"",10.0,"","15","",0,""
"252170290","ØERK”W","2024","01",34.5,"",6,"",10.5,"","02","",0,""
"252170290","ØERK”W","2024","02",61.3,"",2,"",14.6,"","23","",0,""
"252170290","ØERK”W","2024","03",13.2,"",1,"",3.7,"","23","",0,""
"252170290","ØERK”W","2024","04",31.8,"",0,"",10.2,"","15","",0,""
"252170340","LUBONIEC","2024","01",37.0,"",7,"",12.1,"","02","",0,""
"252170340","LUBONIEC","2024","02",69.2,"",2,"",10.8,"","23","",0,""
"252170340","LUBONIEC","2024","03",14.5,"",0,"",4.5,"","22","",0,""
"252170340","LUBONIEC","2024","04",26.0,"",0,"",7.2,"","19","",0,""
"252170350","S£ BOWO II","2024","01",46.3,"",9,"",9.1,"","02","",0,""
"252170350","S£ BOWO II","2024","02",69.6,"",2,"",14.7,"","23","",0,""
"252170350","S£ BOWO II","2024","03",24.9,"",0,"",5.1,"","23","",0,""
"252170350","S£ BOWO II","2024","04",52.3,"",0,"",16.2,"","15","",0,""
"252170370","TROJANOWO","2024","01",48.4,"",4,"",10.0,"","02","",0,""
"252170370","TROJANOWO","2024","02",69.0,"",0,"",9.2,"","11","",0,""
"252170370","TROJANOWO","2024","03",14.9,"",0,"",6.5,"","23","",0,""
"252170370","TROJANOWO","2024","04",40.5,"",0,"",9.7,"","15","19",0,""
"252170380","CZERNIEJEWO II","2024","01",52.1,"",6,"",9.6,"","03","",0,""
"252170380","CZERNIEJEWO II","2024","02",75.9,"",0,"",12.6,"","23","",0,""
"252170380","CZERNIEJEWO II","2024","03",25.0,"",0,"",6.8,"","22","",0,""
"252170380","CZERNIEJEWO II","2024","04",37.8,"",0,"",11.0,"","19","",0,""
"252180030","CZERNIKOWO","2024","01",65.4,"",10,"",9.2,"","03","",0,""
"252180030","CZERNIKOWO","2024","02",80.7,"",1,"",10.0,"","23","",0,""
"252180030","CZERNIKOWO","2024","03",34.0,"",2,"",6.0,"","05","",0,""
"252180030","CZERNIKOWO","2024","04",50.3,"",1,"",19.0,"","01","",0,""
"252180060","PAKOå∆","2024","01",45.0,"",8,"",10.2,"","03","",0,""
"252180060","PAKOå∆","2024","02",62.1,"",2,"",11.2,"","23","",0,""
"252180060","PAKOå∆","2024","03",24.2,"",0,"",6.5,"","23","",0,""
"252180060","PAKOå∆","2024","04",45.0,"",0,"",10.2,"","15","",0,""
"252180070","SOBIESIERNIE","2024","01",51.3,"",9,"",11.3,"","03","",0,""
"252180070","SOBIESIERNIE","2024","02",66.4,"",1,"",9.2,"","23","",0,""
"252180070","SOBIESIERNIE","2024","03",15.8,"",0,"",5.0,"","23","",0,""
"252180070","SOBIESIERNIE","2024","04",44.0,"",0,"",12.0,"","01","",0,""
"252180090","G£ BOKIE","2024","01",43.4,"",8,"",10.3,"","02","",0,""
"252180090","G£ BOKIE","2024","02",49.2,"",1,"",9.2,"","23","",0,""
"252180090","G£ BOKIE","2024","03",16.0,"",1,"",3.4,"","23","",0,""
"252180090","G£ BOKIE","2024","04",43.2,"",0,"",12.4,"","01","",0,""
"252180120","STARY BRZEå∆","2024","01",47.9,"",10,"",6.7,"","03","",0,""
"252180120","STARY BRZEå∆","2024","02",52.4,"",1,"",9.3,"","23","",0,""
"252180120","STARY BRZEå∆","2024","03",17.8,"",0,"",3.8,"","11","",0,""
"252180120","STARY BRZEå∆","2024","04",41.3,"",0,"",12.9,"","01","",0,""
"252180130","G BICE","2024","01",47.5,"",7,"",9.1,"","24","",0,""
"252180130","G BICE","2024","02",56.7,"",1,"",10.1,"","23","",0,""
"252180130","G BICE","2024","03",16.6,"",0,"",5.3,"","23","",0,""
"252180130","G BICE","2024","04",40.8,"",0,"",8.4,"","01","",0,""
"252180150","WANDOWO","2024","01",43.8,"",4,"",8.5,"","02","",0,""
"252180150","WANDOWO","2024","02",48.3,"",1,"",11.1,"","23","",0,""
"252180150","WANDOWO","2024","03",20.2,"",0,"",4.0,"","22","",0,""
"252180150","WANDOWO","2024","04",40.3,"",0,"",10.8,"","15","",0,""
"252180160","IZBICA KUJAWSKA","2024","01",48.3,"",9,"",9.9,"","24","",0,""
"252180160","IZBICA KUJAWSKA","2024","02",50.2,"",1,"",8.7,"","23","",0,""
"252180160","IZBICA KUJAWSKA","2024","03",20.7,"",0,"",5.6,"","23","",0,""
"252180160","IZBICA KUJAWSKA","2024","04",32.5,"",0,"",8.1,"","15","",0,""
"252180170","SOMPOLNO","2024","01",44.7,"",5,"",8.7,"","02","",0,""
"252180170","SOMPOLNO","2024","02",53.7,"",1,"",12.0,"","23","",0,""
"252180170","SOMPOLNO","2024","03",19.4,"",0,"",4.1,"","24","",0,""
"252180170","SOMPOLNO","2024","04",36.4,"",0,"",8.5,"","16","",0,""
"252180180","JAB£ONKA","2024","01",42.3,"",6,"",8.1,"","03","",0,""
"252180180","JAB£ONKA","2024","02",50.8,"",0,"",11.5,"","23","",0,""
"252180180","JAB£ONKA","2024","03",16.8,"",0,"",3.2,"","11","",0,""
"252180180","JAB£ONKA","2024","04",35.5,"",0,"",10.0,"","01","",0,""
"252180190","D BY SZLACHECKIE","2024","01",50.7,"",8,"",10.6,"","24","",0,""
"252180190","D BY SZLACHECKIE","2024","02",54.5,"",1,"",9.3,"","23","",0,""
"252180190","D BY SZLACHECKIE","2024","03",19.5,"",0,"",5.8,"","23","",0,""
"252180190","D BY SZLACHECKIE","2024","04",37.0,"",0,"",8.7,"","01","",0,""
"252180220","KONIN","2024","01",45.4,"",7,"",8.9,"","02","",0,""
"252180220","KONIN","2024","02",53.6,"",0,"",12.2,"","23","",0,""
"252180220","KONIN","2024","03",16.2,"",0,"",2.8,"","22","",0,""
"252180220","KONIN","2024","04",35.5,"",0,"",8.2,"","19","",0,""
"252180230","W£ADYS£AW”W","2024","01",45.5,"",8,"",6.9,"","02","",0,""
"252180230","W£ADYS£AW”W","2024","02",48.9,"",1,"",12.3,"","23","",0,""
"252180230","W£ADYS£AW”W","2024","03",16.9,"",0,"",6.1,"","23","",0,""
"252180230","W£ADYS£AW”W","2024","04",32.3,"",0,"",12.6,"","19","",0,""
"252180250","D•BIE","2024","01",46.2,"",7,"",9.5,"","03","",0,""
"252180250","D•BIE","2024","02",49.7,"",1,"",9.2,"","23","",0,""
"252180250","D•BIE","2024","03",19.9,"",0,"",3.8,"","10","",0,""
"252180250","D•BIE","2024","04",37.6,"",0,"",14.3,"","15","",0,""
"252180330","JAKSICE II","2024","01",41.0,"",8,"",7.5,"","03","",0,""
"252180330","JAKSICE II","2024","02",66.3,"",1,"",11.0,"","23","",0,""
"252180330","JAKSICE II","2024","03",19.8,"",0,"",6.4,"","23","",0,""
"252180330","JAKSICE II","2024","04",44.0,"",0,"",10.0,"","15","",0,""
"252180340","NOWA WIEå WIELKA II","2024","01",43.9,"",6,"",8.4,"","03","",0,""
"252180340","NOWA WIEå WIELKA II","2024","02",70.4,"",0,"",13.4,"","23","",0,""
"252180340","NOWA WIEå WIELKA II","2024","03",20.3,"",0,"",6.1,"","23","",0,""
"252180340","NOWA WIEå WIELKA II","2024","04",36.8,"",0,"",8.7,"","15","",0,""
"252180350","JEZIORKI","2024","01",45.4,"",5,"",9.5,"","02","",0,""
"252180350","JEZIORKI","2024","02",55.2,"",0,"",10.2,"","23","",0,""
"252180350","JEZIORKI","2024","03",19.2,"",0,"",5.4,"","11","",0,""
"252180350","JEZIORKI","2024","04",37.3,"",0,"",8.5,"","01","",0,""
"252180360","MIEROGONIEWICE","2024","01",44.3,"",5,"",8.9,"","03","",0,""
"252180360","MIEROGONIEWICE","2024","02",51.8,"",1,"",7.6,"","19","",0,""
"252190010","SK PE (WYMYåLIN)","2024","01",57.6,"",11,"",9.5,"","03","",0,""
"252190010","SK PE (WYMYåLIN)","2024","02",72.7,"",2,"",10.4,"","19","",0,""
"252190010","SK PE (WYMYåLIN)","2024","03",39.5,"",2,"",6.6,"","11","",0,""
"252190010","SK PE (WYMYåLIN)","2024","04",32.9,"",1,"",7.0,"","15","",0,""
"252190030","G£ODOWO","2024","01",45.3,"",9,"",11.4,"","03","",0,""
"252190030","G£ODOWO","2024","02",65.0,"",1,"",9.4,"","05","",0,""
"252190030","G£ODOWO","2024","03",31.0,"",2,"",5.8,"","23","",0,""
"252190030","G£ODOWO","2024","04",38.1,"",1,"",9.5,"","01","",0,""
"252190160","WALEWICE","2024","01",46.5,"",10,"",6.2,"","26","",0,""
"252190160","WALEWICE","2024","02",48.6,"",1,"",6.4,"","20","",0,""
"252190160","WALEWICE","2024","03",20.1,"",0,"",4.0,"","12","",0,""
"252190160","WALEWICE","2024","04",31.8,"",0,"",7.9,"","19","",0,""
"252190220","ZDUNY","2024","01",46.0,"",10,"",8.4,"","03","",0,""
"252190220","ZDUNY","2024","02",48.2,"",2,"",6.5,"","23","",0,""
"252190220","ZDUNY","2024","03",16.5,"",0,"",3.6,"","16","",0,""
"252190220","ZDUNY","2024","04",38.9,"",0,"",12.9,"","19","",0,""
"252200050","WINNICA","2024","01",72.6,"",18,"",11.6,"","03","",0,""
"252200050","WINNICA","2024","02",65.3,"",2,"",9.1,"","06","",0,""
"252200050","WINNICA","2024","03",24.9,"",3,"",5.0,"","23","",0,""
"252200050","WINNICA","2024","04",38.7,"",0,"",11.3,"","02","",0,""
"252200080","BORKOWO","2024","01",68.6,"",10,"",13.9,"","03","",0,""
"252200080","BORKOWO","2024","02",60.3,"",1,"",9.0,"","23","",0,""
"252200080","BORKOWO","2024","03",24.2,"",2,"",5.6,"","04","",0,""
"252200080","BORKOWO","2024","04",28.8,"",0,"",7.2,"","02","",0,""
"252200110","ZAKROCZYM","2024","02",54.9,"",1,"",7.8,"","23","",0,""
"252200110","ZAKROCZYM","2024","03",22.9,"",2,"",5.3,"","23","",0,""
"252200110","ZAKROCZYM","2024","04",31.4,"",0,"",6.5,"","02","",0,""
"252200210","PRUSZK”W","2024","01",63.6,"",12,"",12.2,"","01","",0,""
"252200210","PRUSZK”W","2024","02",50.8,"",1,"",6.8,"","05","",0,""
"252200210","PRUSZK”W","2024","03",26.8,"",2,"",6.8,"","23","",0,""
"252200210","PRUSZK”W","2024","04",42.2,"",0,"",10.0,"","05","",0,""
"252200280","KOLONIA KAW CZYN","2024","01",53.7,"",11,"",10.5,"","03","",0,""
"252200280","KOLONIA KAW CZYN","2024","02",48.7,"",3,"",6.8,"","05","",0,""
"252200280","KOLONIA KAW CZYN","2024","03",18.0,"",1,"",4.7,"","23","",0,""
"252200280","KOLONIA KAW CZYN","2024","04",29.3,"",0,"",5.6,"","05","",0,""
"252210010","GUTY DUØE","2024","01",68.8,"",12,"",10.1,"","03","",0,""
"252210010","GUTY DUØE","2024","02",72.6,"",2,"",9.9,"","06","",0,""
"252210010","GUTY DUØE","2024","03",19.1,"",1,"",5.7,"","23","",0,""
"252210010","GUTY DUØE","2024","04",33.3,"",0,"",9.3,"","02","",0,""
"252210030","W•SEWO","2024","01",53.1,"",16,"",14.8,"","01","",0,""
"252210030","W•SEWO","2024","02",66.5,"",3,"",16.0,"","06","",0,""
"252210030","W•SEWO","2024","03",32.0,"",2,"",11.5,"","23","",0,""
"252210030","W•SEWO","2024","04",25.2,"",0,"",7.1,"","02","",0,""
"252210070","ZATORY","2024","01",63.9,"",12,"",13.0,"","03","",0,""
"252210070","ZATORY","2024","02",51.9,"",1,"",9.9,"","06","",0,""
"252210070","ZATORY","2024","03",24.3,"",0,"",6.3,"","23","",0,""
"252210070","ZATORY","2024","04",38.8,"",0,"",9.6,"","02","",0,""
"252210210","åWIDER","2024","01",72.5,"",15,"",12.4,"","01","",0,""
"252210210","åWIDER","2024","02",52.7,"",2,"",8.3,"","05","23",0,""
"252210210","åWIDER","2024","03",42.3,"",2,"",12.2,"","23","",0,""
"252210210","åWIDER","2024","04",43.8,"",1,"",7.0,"","02","",0,""
"252210240","WIELGOLAS","2024","01",77.2,"",17,"",16.1,"","01","",0,""
"252210240","WIELGOLAS","2024","02",61.2,"",3,"",8.2,"","09","23",0,""
"252210240","WIELGOLAS","2024","03",35.6,"",4,"",7.1,"","23","",0,""
"252210240","WIELGOLAS","2024","04",33.2,"",0,"",7.1,"","02","",0,""
"252220010","WIERZBOWO","2024","01",51.7,"",17,"",10.4,"","01","",0,""
"252220010","WIERZBOWO","2024","02",71.0,"",4,"",14.6,"","06","",0,""
"252220010","WIERZBOWO","2024","03",28.3,"",2,"",7.4,"","23","",0,""
"252220010","WIERZBOWO","2024","04",29.5,"",0,"",5.7,"","14","",0,""
"252220020","SURAØ","2024","01",46.8,"",17,"",8.4,"","01","",0,""
"252220020","SURAØ","2024","02",62.9,"",5,"",12.8,"","06","",0,""
"252220020","SURAØ","2024","03",30.3,"",3,"",14.2,"","23","",0,""
"252220020","SURAØ","2024","04",34.7,"",0,"",9.0,"","02","",0,""
"252220120","TONKIELE","2024","01",59.1,"",15,"",12.7,"","01","",0,""
"252220120","TONKIELE","2024","02",46.9,"",1,"",8.2,"","05","",0,""
"252220120","TONKIELE","2024","03",24.9,"",2,"",8.3,"","23","",0,""
"252220120","TONKIELE","2024","04",40.4,"",0,"",5.7,"","02","",0,""
"252230040","NAREW","2024","01",59.2,"",14,"",8.2,"","24","",0,""
"252230040","NAREW","2024","02",78.7,"",5,"",18.4,"","06","",0,""
"252230040","NAREW","2024","03",23.8,"",1,"",6.6,"","23","",0,""
"252230040","NAREW","2024","04",45.2,"",0,"",11.0,"","02","",0,""
"252230070","KLEJNIKI","2024","01",54.9,"",17,"",10.1,"","01","",0,""
"252230070","KLEJNIKI","2024","02",77.2,"",6,"",14.1,"","06","",0,""
"252230070","KLEJNIKI","2024","03",26.7,"",3,"",8.4,"","23","",0,""
"252230070","KLEJNIKI","2024","04",46.0,"",0,"",13.1,"","17","",0,""
"252230110","HAJN”WKA","2024","01",40.4,"",13,"",8.7,"","24","",0,""
"252230110","HAJN”WKA","2024","02",64.9,"",5,"",16.2,"","06","",0,""
"252230110","HAJN”WKA","2024","03",24.5,"",2,"",8.4,"","23","",0,""
"252230110","HAJN”WKA","2024","04",44.6,"",0,"",12.2,"","02","",0,""
"252230160","NURZEC","2024","01",65.8,"",19,"",12.7,"","01","",0,""
"252230160","NURZEC","2024","02",87.8,"",5,"",14.9,"","06","",0,""
"252230160","NURZEC","2024","03",27.1,"",3,"",7.9,"","23","",0,""
"252230160","NURZEC","2024","04",40.9,"",0,"",9.8,"","02","",0,""
"252230250","ZAMOSZE","2024","01",64.6,"",16,"",11.7,"","01","",0,""
"252230250","ZAMOSZE","2024","02",75.8,"",6,"",15.0,"","04","",0,""
"252230250","ZAMOSZE","2024","03",35.3,"",1,"",15.0,"","04","",0,""
"252230250","ZAMOSZE","2024","04",46.1,"",1,"",12.0,"","17","",0,""
"253140010","WOLIN","2024","01",44.7,"",7,"",8.8,"","26","",0,""
"253140010","WOLIN","2024","02",61.9,"",3,"",11.7,"","05","",0,""
"253140010","WOLIN","2024","03",.0,"8",0,"8",.0,"8","","",0,"8"
"253140010","WOLIN","2024","04",.0,"8",0,"8",.0,"8","","",0,"8"
"253140020","KARTLEWO","2024","01",59.2,"",5,"",11.0,"","02","",0,""
"253140020","KARTLEWO","2024","02",82.4,"",2,"",12.0,"","11","",0,""
"253140020","KARTLEWO","2024","03",13.4,"",0,"",5.0,"","15","",0,""
"253140020","KARTLEWO","2024","04",79.6,"",0,"",24.4,"","15","",0,""
"253140030","PODGRODZIE","2024","01",42.3,"",5,"",9.5,"","02","",0,""
"253140030","PODGRODZIE","2024","02",57.3,"",1,"",8.7,"","06","",0,""
"253140030","PODGRODZIE","2024","03",11.4,"",0,"",2.2,"","22","",0,""
"253140030","PODGRODZIE","2024","04",52.3,"",1,"",17.8,"","15","",0,""
"253140050","STEPNICA","2024","01",47.3,"",6,"",10.1,"","03","",0,""
"253140050","STEPNICA","2024","02",68.2,"",1,"",11.4,"","12","",0,""
"253140050","STEPNICA","2024","03",2.7,"",0,"",.7,"","16","",0,""
"253140050","STEPNICA","2024","04",36.8,"",0,"",11.2,"","16","",0,""
"253140090","ØELEWO","2024","01",61.5,"",5,"",15.0,"","02","",0,""
"253140090","ØELEWO","2024","02",82.9,"",2,"",11.0,"","09","",0,""
"253140090","ØELEWO","2024","03",24.1,"",0,"",7.5,"","24","",0,""
"253140090","ØELEWO","2024","04",42.0,"",0,"",10.0,"","15","",0,""
"253140130","LINIE","2024","01",56.1,"",8,"",11.2,"","24","",0,""
"253140130","LINIE","2024","02",78.5,"",2,"",10.4,"","06","",0,""
"253140130","LINIE","2024","03",25.0,"",0,"",7.9,"","23","",0,""
"253140130","LINIE","2024","04",46.1,"",0,"",10.3,"","15","",0,""
"253140140","WIDUCHOWA","2024","01",51.7,"",6,"",12.4,"","02","",0,""
"253140140","WIDUCHOWA","2024","02",65.1,"",2,"",8.9,"","05","",0,""
"253140140","WIDUCHOWA","2024","03",23.9,"",0,"",7.0,"","24","",0,""
"253140140","WIDUCHOWA","2024","04",36.5,"",0,"",7.5,"","05","",0,""
"253140150","MIEL CIN","2024","01",54.2,"",7,"",12.7,"","24","",0,""
"253140150","MIEL CIN","2024","02",74.3,"",2,"",12.1,"","11","",0,""
"253140150","MIEL CIN","2024","03",22.7,"",0,"",7.1,"","23","",0,""
"253140150","MIEL CIN","2024","04",41.6,"",0,"",9.1,"","15","",0,""
"253140240","D•BROWICA","2024","01",64.6,"",8,"",12.3,"","24","",0,""
"253140240","D•BROWICA","2024","02",85.1,"",2,"",12.3,"","05","",0,""
"253140240","D•BROWICA","2024","03",15.4,"",0,"",3.8,"","24","",0,""
"253140240","D•BROWICA","2024","04",44.5,"",1,"",15.5,"","15","",0,""
"253150010","STARNIN","2024","01",60.1,"",7,"",10.5,"","23","",0,""
"253150010","STARNIN","2024","02",82.7,"",2,"",24.6,"","05","",0,""
"253150010","STARNIN","2024","03",12.8,"",0,"",5.4,"","15","",0,""
"253150010","STARNIN","2024","04",76.1,"",3,"",30.3,"","15","",0,""
"253150020","WITNO","2024","01",66.0,"",7,"",9.7,"","02","",0,""
"253150020","WITNO","2024","02",81.9,"",2,"",18.5,"","05","",0,""
"253150020","WITNO","2024","03",17.6,"",1,"",4.2,"","16","",0,""
"253150020","WITNO","2024","04",73.6,"",1,"",27.5,"","15","",0,""
"253150030","S£AWOBORZE","2024","01",73.1,"",5,"",10.5,"","23","",0,""
"253150030","S£AWOBORZE","2024","02",99.8,"",2,"",27.6,"","05","",0,""
"253150030","S£AWOBORZE","2024","03",12.9,"",0,"",3.0,"","22","",0,""
"253150030","S£AWOBORZE","2024","04",66.6,"",1,"",25.3,"","16","",0,""
"253150050","PORADZ","2024","01",85.7,"",6,"",11.2,"","23","",0,""
"253150050","PORADZ","2024","02",101.0,"",2,"",22.2,"","05","",0,""
"253150050","PORADZ","2024","03",25.8,"",1,"",7.5,"","25","",0,""
"253150050","PORADZ","2024","04",70.3,"",1,"",16.5,"","15","",0,""
"253150070","£AB DZIE","2024","01",77.8,"",9,"",11.1,"","23","",0,""
"253150070","£AB DZIE","2024","02",102.4,"",2,"",20.3,"","05","",0,""
"253150070","£AB DZIE","2024","03",27.7,"",1,"",8.8,"","25","",0,""
"253150070","£AB DZIE","2024","04",57.1,"",4,"",12.6,"","15","",0,""
"253150110","DRAWSKO POMORSKIE","2024","01",80.7,"",9,"",12.2,"","24","",0,""
"253150110","DRAWSKO POMORSKIE","2024","02",102.7,"",2,"",27.0,"","05","",0,""
"253150110","DRAWSKO POMORSKIE","2024","03",30.5,"",0,"",6.5,"","16","",0,""
"253150110","DRAWSKO POMORSKIE","2024","04",55.6,"",4,"",12.1,"","15","",0,""
"253150140","I—SKO","2024","01",91.5,"",9,"",15.3,"","24","",0,""
"253150140","I—SKO","2024","02",98.3,"",2,"",18.0,"","05","",0,""
"253150140","I—SKO","2024","03",31.0,"",1,"",5.3,"","24","",0,""
"253150140","I—SKO","2024","04",56.9,"",1,"",12.4,"","15","",0,""
"253150150","POèRZAD£O WIELKIE","2024","01",82.3,"",12,"",12.2,"","24","",0,""
"253150150","POèRZAD£O WIELKIE","2024","02",110.6,"",2,"",21.1,"","05","",0,""
"253150150","POèRZAD£O WIELKIE","2024","03",32.3,"",2,"",6.9,"","24","",0,""
"253150150","POèRZAD£O WIELKIE","2024","04",51.4,"",4,"",10.5,"","15","",0,""
"253150180","CHOSZCZNO","2024","01",55.5,"",10,"",12.1,"","02","",0,""
"253150180","CHOSZCZNO","2024","02",84.3,"",2,"",11.8,"","11","",0,""
"253150180","CHOSZCZNO","2024","03",32.9,"",0,"",9.7,"","23","",0,""
"253150180","CHOSZCZNO","2024","04",48.4,"",1,"",10.0,"","15","",0,""
"253150190","PRZELEWICE","2024","01",49.5,"",7,"",11.4,"","02","",0,""
"253150190","PRZELEWICE","2024","02",80.3,"",2,"",13.5,"","11","",0,""
"253150190","PRZELEWICE","2024","03",25.1,"",0,"",8.9,"","23","",0,""
"253150190","PRZELEWICE","2024","04",35.4,"",0,"",8.1,"","15","",0,""
"253150220","KRZ CIN","2024","01",57.1,"",8,"",12.3,"","02","",0,""
"253150220","KRZ CIN","2024","02",78.2,"",2,"",10.4,"","11","",0,""
"253150220","KRZ CIN","2024","03",28.9,"",0,"",9.3,"","23","",0,""
"253150220","KRZ CIN","2024","04",41.8,"",2,"",8.4,"","15","",0,""
"253150230","KAMIENNA","2024","01",77.4,"",7,"",13.3,"","24","",0,""
"253150230","KAMIENNA","2024","02",83.6,"",1,"",13.2,"","05","",0,""
"253150230","KAMIENNA","2024","03",32.1,"",0,"",11.8,"","23","",0,""
"253150230","KAMIENNA","2024","04",35.3,"",0,"",7.6,"","15","",0,""
"253150240","BRZEèNIAK","2024","01",71.3,"",9,"",9.7,"","23","",0,""
"253150240","BRZEèNIAK","2024","02",94.9,"",2,"",22.9,"","05","",0,""
"253150240","BRZEèNIAK","2024","03",22.1,"",2,"",3.9,"","23","",0,""
"253150240","BRZEèNIAK","2024","04",61.6,"",3,"",11.9,"","15","",0,""
"253160010","S POLNO WIELKIE","2024","01",117.7,"",12,"",27.2,"","24","",0,""
"253160010","S POLNO WIELKIE","2024","02",111.4,"",3,"",28.5,"","05","",0,""
"253160010","S POLNO WIELKIE","2024","03",17.0,"",2,"",3.7,"","16","",0,""
"253160010","S POLNO WIELKIE","2024","04",50.4,"",2,"",8.0,"","16","19",0,""
"253160040","GRZMI•CA","2024","01",87.8,"",7,"",15.4,"","03","",0,""
"253160040","GRZMI•CA","2024","02",101.2,"",2,"",25.4,"","05","",0,""
"253160040","GRZMI•CA","2024","03",27.3,"",1,"",3.8,"","16","",0,""
"253160040","GRZMI•CA","2024","04",53.8,"",1,"",12.8,"","16","",0,""
"253160050","BARWICE","2024","01",73.8,"",10,"",12.4,"","24","",0,""
"253160050","BARWICE","2024","02",106.2,"",2,"",26.2,"","05","",0,""
"253160050","BARWICE","2024","03",21.8,"",0,"",5.1,"","20","",0,""
"253160050","BARWICE","2024","04",56.6,"",2,"",14.7,"","15","",0,""
"253160070","SILNOWO","2024","01",89.8,"",6,"",12.6,"","24","",0,""
"253160070","SILNOWO","2024","02",93.2,"",2,"",19.2,"","05","",0,""
"253160070","SILNOWO","2024","03",29.7,"",1,"",8.3,"","16","",0,""
"253160070","SILNOWO","2024","04",54.2,"",1,"",12.3,"","15","",0,""
"253160090","WIERZCHOWO","2024","01",83.5,"",6,"",11.5,"","23","",0,""
"253160090","WIERZCHOWO","2024","02",109.2,"",2,"",30.2,"","05","",0,""
"253160090","WIERZCHOWO","2024","03",29.1,"",0,"",6.3,"","23","",0,""
"253160090","WIERZCHOWO","2024","04",59.8,"",0,"",15.3,"","05","",0,""
"253160130","MIROS£AWIEC","2024","01",85.9,"",12,"",14.6,"","24","",0,""
"253160130","MIROS£AWIEC","2024","02",104.1,"",2,"",21.4,"","05","",0,""
"253160130","MIROS£AWIEC","2024","03",35.0,"",0,"",8.5,"","23","",0,""
"253160130","MIROS£AWIEC","2024","04",46.9,"",2,"",15.4,"","15","",0,""
"253160140","KRAJENKA","2024","01",61.8,"",7,"",13.3,"","03","",0,""
"253160140","KRAJENKA","2024","02",77.5,"",1,"",9.7,"","06","",0,""
"253160140","KRAJENKA","2024","03",26.2,"",0,"",8.4,"","23","",0,""
"253160140","KRAJENKA","2024","04",48.5,"",2,"",7.9,"","15","25",0,""
"253160160","GOSTOMIA","2024","01",72.5,"",9,"",10.9,"","24","",0,""
"253160160","GOSTOMIA","2024","02",82.8,"",2,"",16.7,"","05","",0,""
"253160160","GOSTOMIA","2024","03",30.2,"",1,"",11.7,"","23","",0,""
"253160160","GOSTOMIA","2024","04",39.6,"",1,"",7.6,"","15","",0,""
"253160170","CZ£OPA","2024","01",76.9,"",9,"",13.9,"","24","",0,""
"253160170","CZ£OPA","2024","02",87.1,"",1,"",14.4,"","05","",0,""
"253160170","CZ£OPA","2024","03",31.1,"",0,"",11.5,"","23","",0,""
"253160170","CZ£OPA","2024","04",40.9,"",0,"",8.3,"","15","",0,""
"253160220","TUCZNO TRZECIE","2024","01",79.3,"",7,"",11.8,"","24","",0,""
"253160220","TUCZNO TRZECIE","2024","02",91.5,"",2,"",18.2,"","05","",0,""
"253160220","TUCZNO TRZECIE","2024","03",30.2,"",1,"",10.0,"","23","",0,""
"253160220","TUCZNO TRZECIE","2024","04",45.1,"",1,"",10.6,"","15","",0,""
"253160230","KARSIB”R II","2024","01",69.5,"",13,"",10.1,"","24","",0,""
"253160230","KARSIB”R II","2024","02",93.9,"",1,"",17.7,"","05","",0,""
"253160230","KARSIB”R II","2024","03",27.9,"",2,"",7.8,"","23","",0,""
"253160230","KARSIB”R II","2024","04",47.4,"",3,"",14.8,"","15","",0,""
"253160260","WICEWO","2024","01",75.5,"",8,"",22.2,"","24","",0,""
"253160260","WICEWO","2024","02",119.1,"",4,"",25.7,"","05","",0,""
"253160260","WICEWO","2024","03",17.8,"",1,"",3.2,"","16","24",0,""
"253160260","WICEWO","2024","04",58.8,"",3,"",18.3,"","16","",0,""
"253170010","BOROWY M£YN","2024","01",99.9,"",9,"",31.1,"","24","",0,""
"253170010","BOROWY M£YN","2024","02",97.2,"",2,"",22.6,"","05","",0,""
"253170010","BOROWY M£YN","2024","03",13.4,"",1,"",2.6,"","11","",0,""
"253170010","BOROWY M£YN","2024","04",52.3,"",2,"",10.9,"","16","",0,""
"253170020","JEZIORNA","2024","01",82.4,"",10,"",18.4,"","24","",0,""
"253170020","JEZIORNA","2024","02",126.2,"",4,"",18.1,"","05","",0,""
"253170020","JEZIORNA","2024","03",39.7,"",1,"",10.1,"","11","",0,""
"253170020","JEZIORNA","2024","04",40.8,"",2,"",10.4,"","16","",0,""
"253170030","R”ØKI-D BIE","2024","01",112.5,"",14,"",24.3,"","24","",0,""
"253170030","R”ØKI-D BIE","2024","02",106.0,"",5,"",22.4,"","05","",0,""
"253170030","R”ØKI-D BIE","2024","03",26.4,"",1,"",6.1,"","11","",0,""
"253170030","R”ØKI-D BIE","2024","04",45.9,"",4,"",8.9,"","05","",0,""
"253170040","KOSOBUDY","2024","01",70.0,"",11,"",15.6,"","24","",0,""
"253170040","KOSOBUDY","2024","02",105.3,"",3,"",19.5,"","05","",0,""
"253170040","KOSOBUDY","2024","03",39.9,"",1,"",11.4,"","11","",0,""
"253170040","KOSOBUDY","2024","04",43.3,"",3,"",10.0,"","05","",0,""
"253170060","ZAP DOWO","2024","01",59.6,"",7,"",13.9,"","03","",0,""
"253170060","ZAP DOWO","2024","02",91.9,"",1,"",15.6,"","05","",0,""
"253170060","ZAP DOWO","2024","03",28.2,"",1,"",11.0,"","11","",0,""
"253170060","ZAP DOWO","2024","04",35.1,"",1,"",7.7,"","05","",0,""
"253170070","WYCZECHY","2024","01",86.5,"",7,"",18.0,"","24","",0,""
"253170070","WYCZECHY","2024","02",87.1,"",2,"",17.2,"","05","",0,""
"253170070","WYCZECHY","2024","03",23.7,"",0,"",4.6,"","21","",0,""
"253170070","WYCZECHY","2024","04",47.1,"",0,"",9.7,"","05","",0,""
"253170110","ROZWORY","2024","01",80.3,"",8,"",16.6,"","03","",0,""
"253170110","ROZWORY","2024","02",82.6,"",2,"",14.0,"","05","",0,""
"253170110","ROZWORY","2024","03",25.5,"",0,"",5.4,"","21","",0,""
"253170110","ROZWORY","2024","04",50.9,"",1,"",8.1,"","19","",0,""
"253170130","P£AZOWO","2024","01",52.0,"",8,"",12.1,"","03","",0,""
"253170130","P£AZOWO","2024","02",86.0,"",1,"",12.0,"","05","",0,""
"253170130","P£AZOWO","2024","03",42.4,"",1,"",11.5,"","11","",0,""
"253170130","P£AZOWO","2024","04",42.6,"",2,"",7.5,"","19","",0,""
"253170150","LUT”WKO","2024","01",87.4,"",12,"",24.0,"","03","",0,""
"253170150","LUT”WKO","2024","02",100.4,"",2,"",14.8,"","23","",0,""
"253170150","LUT”WKO","2024","03",33.2,"",2,"",8.9,"","16","",0,""
"253170150","LUT”WKO","2024","04",61.5,"",3,"",14.7,"","15","",0,""
"253170180","WIELE","2024","01",50.8,"",8,"",10.4,"","26","",0,""
"253170180","WIELE","2024","02",70.2,"",2,"",8.7,"","05","",0,""
"253170180","WIELE","2024","03",22.9,"",0,"",6.6,"","16","",0,""
"253170180","WIELE","2024","04",46.0,"",0,"",9.9,"","15","",0,""
"253170220","WYRZYSK","2024","01",52.2,"",8,"",8.6,"","03","26",0,""
"253170220","WYRZYSK","2024","02",71.8,"",2,"",9.1,"","23","",0,""
"253170220","WYRZYSK","2024","03",23.7,"",1,"",7.4,"","23","",0,""
"253170220","WYRZYSK","2024","04",42.2,"",1,"",11.5,"","15","",0,""
"253170230","SZAMOCIN","2024","01",50.4,"",3,"",8.7,"","02","",0,""
"253170230","SZAMOCIN","2024","02",77.8,"",1,"",12.2,"","23","",0,""
"253170230","SZAMOCIN","2024","03",22.6,"",0,"",9.1,"","23","",0,""
"253170230","SZAMOCIN","2024","04",33.6,"",0,"",9.4,"","15","",0,""
"253170290","M•KOWARSKO","2024","01",54.0,"",8,"",12.5,"","03","",0,""
"253170290","M•KOWARSKO","2024","02",77.3,"",1,"",10.9,"","05","",0,""
"253170290","M•KOWARSKO","2024","03",31.7,"",2,"",7.2,"","11","",0,""
"253170290","M•KOWARSKO","2024","04",50.8,"",1,"",7.6,"","19","",0,""
"253170380","NOWA RUDNA","2024","02",82.0,"",2,"",10.6,"","05","",0,""
"253170380","NOWA RUDNA","2024","03",26.2,"",3,"",9.4,"","23","",0,""
"253170380","NOWA RUDNA","2024","04",51.7,"",2,"",13.2,"","25","",0,""
"253180010","BOØEPOLE SZLACHECKIE","2024","01",54.2,"",11,"",11.7,"","24","",0,""
"253180010","BOØEPOLE SZLACHECKIE","2024","02",109.3,"",4,"",14.2,"","05","",0,""
"253180010","BOØEPOLE SZLACHECKIE","2024","03",31.2,"",2,"",12.8,"","11","",0,""
"253180010","BOØEPOLE SZLACHECKIE","2024","04",37.6,"",3,"",8.4,"","05","",0,""
"253180020","RADOSTOWO","2024","01",33.7,"",8,"",11.3,"","03","",0,""
"253180020","RADOSTOWO","2024","02",90.4,"",4,"",13.7,"","23","",0,""
"253180020","RADOSTOWO","2024","03",38.2,"",1,"",15.6,"","11","",0,""
"253180020","RADOSTOWO","2024","04",41.9,"",1,"",9.8,"","19","",0,""
"253180060","CZARNA WODA","2024","01",65.7,"",11,"",15.1,"","24","",0,""
"253180060","CZARNA WODA","2024","02",115.2,"",4,"",16.8,"","05","",0,""
"253180060","CZARNA WODA","2024","03",38.7,"",2,"",13.5,"","11","",0,""
"253180060","CZARNA WODA","2024","04",44.1,"",2,"",12.2,"","05","",0,""
"253180070","KORZENIEWO","2024","01",33.6,"",7,"",12.6,"","03","",0,""
"253180070","KORZENIEWO","2024","02",83.8,"",2,"",13.5,"","05","",0,""
"253180070","KORZENIEWO","2024","03",34.2,"",1,"",11.8,"","11","",0,""
"253180070","KORZENIEWO","2024","04",40.0,"",0,"",7.5,"","19","",0,""
"253180090","åLIWICE","2024","01",55.1,"",8,"",14.9,"","03","",0,""
"253180090","åLIWICE","2024","02",98.6,"",3,"",17.8,"","05","",0,""
"253180090","åLIWICE","2024","03",36.4,"",1,"",14.2,"","11","",0,""
"253180090","åLIWICE","2024","04",36.9,"",2,"",7.3,"","19","",0,""
"253180110","GARDEJA","2024","01",50.6,"",8,"",15.6,"","03","",0,""
"253180110","GARDEJA","2024","02",94.8,"",1,"",13.2,"","23","",0,""
"253180110","GARDEJA","2024","03",38.3,"",2,"",6.7,"","11","",0,""
"253180110","GARDEJA","2024","04",46.5,"",0,"",9.6,"","19","",0,""
"253180130","RULEWO","2024","01",46.4,"",7,"",14.9,"","03","",0,""
"253180130","RULEWO","2024","02",88.0,"",1,"",13.7,"","23","",0,""
"253180130","RULEWO","2024","03",47.3,"",2,"",17.6,"","11","",0,""
"253180130","RULEWO","2024","04",35.5,"",0,"",8.9,"","19","",0,""
"253180150","GRUDZI•DZ","2024","01",38.9,"",8,"",13.2,"","03","",0,""
"253180150","GRUDZI•DZ","2024","02",78.6,"",2,"",12.2,"","23","",0,""
"253180150","GRUDZI•DZ","2024","03",36.1,"",2,"",13.7,"","11","",0,""
"253180150","GRUDZI•DZ","2024","04",40.8,"",1,"",11.3,"","19","",0,""
"253180170","NOWY JASINIEC","2024","01",48.0,"",9,"",9.8,"","03","",0,""
"253180170","NOWY JASINIEC","2024","02",75.1,"",1,"",10.1,"","23","",0,""
"253180170","NOWY JASINIEC","2024","03",34.9,"",0,"",8.0,"","11","",0,""
"253180170","NOWY JASINIEC","2024","04",46.7,"",2,"",7.5,"","15","",0,""
"253180180","FAL CIN","2024","01",40.5,"",6,"",11.5,"","03","",0,""
"253180180","FAL CIN","2024","02",85.0,"",1,"",11.3,"","23","",0,""
"253180180","FAL CIN","2024","03",35.7,"",0,"",8.2,"","11","",0,""
"253180180","FAL CIN","2024","04",47.3,"",0,"",6.5,"","19","",0,""
"253180230","KOWALEWO","2024","01",55.5,"",6,"",13.1,"","24","",0,""
"253180230","KOWALEWO","2024","02",70.0,"",1,"",12.1,"","05","",0,""
"253180230","KOWALEWO","2024","03",38.8,"",1,"",10.3,"","11","",0,""
"253180230","KOWALEWO","2024","04",63.3,"",0,"",18.7,"","01","",0,""
"253180250","TLE—","2024","01",58.1,"",8,"",12.9,"","03","",0,""
"253180250","TLE—","2024","02",97.8,"",2,"",14.5,"","05","",0,""
"253180250","TLE—","2024","03",48.2,"",2,"",16.5,"","11","",0,""
"253180250","TLE—","2024","04",47.1,"",1,"",8.4,"","04","",0,""
"253190030","DOBROCIN","2024","01",49.6,"",14,"",7.4,"","24","",0,""
"253190030","DOBROCIN","2024","02",76.2,"",4,"",17.0,"","06","",0,""
"253190030","DOBROCIN","2024","03",44.5,"",1,"",10.1,"","11","",0,""
"253190030","DOBROCIN","2024","04",48.2,"",0,"",7.5,"","05","",0,""
"253190040","STRASZEWO","2024","01",27.4,"",7,"",11.1,"","03","",0,""
"253190040","STRASZEWO","2024","02",83.6,"",2,"",10.8,"","26","",0,""
"253190040","STRASZEWO","2024","03",29.9,"",2,"",9.7,"","11","",0,""
"253190040","STRASZEWO","2024","04",43.1,"",0,"",7.9,"","05","",0,""
"253190050","JAåKOWO","2024","01",45.0,"",13,"",9.0,"","24","",0,""
"253190050","JAåKOWO","2024","02",87.1,"",3,"",13.0,"","06","",0,""
"253190050","JAåKOWO","2024","03",65.0,"",2,"",10.2,"","11","",0,""
"253190050","JAåKOWO","2024","04",55.1,"",1,"",8.2,"","19","",0,""
"253190070","PRABUTY","2024","01",45.4,"",7,"",11.3,"","03","",0,""
"253190070","PRABUTY","2024","02",85.3,"",2,"",12.5,"","05","",0,""
"253190070","PRABUTY","2024","03",30.5,"",1,"",7.5,"","11","",0,""
"253190070","PRABUTY","2024","04",41.8,"",0,"",8.5,"","01","",0,""
"253190080","PIETRZWA£D","2024","01",74.5,"",12,"",9.9,"","23","",0,""
"253190080","PIETRZWA£D","2024","02",91.0,"",6,"",17.9,"","06","",0,""
"253190080","PIETRZWA£D","2024","03",49.8,"",3,"",7.5,"","21","",0,""
"253190080","PIETRZWA£D","2024","04",44.0,"",0,"",9.4,"","01","",0,""
"253190090","DZIARNY","2024","01",41.1,"",12,"",8.4,"","03","",0,""
"253190090","DZIARNY","2024","04",48.6,"",0,"",7.8,"","19","",0,""
"253190110","£ASIN","2024","01",50.9,"",7,"",17.5,"","03","",0,""
"253190110","£ASIN","2024","02",92.7,"",1,"",13.5,"","23","",0,""
"253190110","£ASIN","2024","03",43.9,"",2,"",8.4,"","11","",0,""
"253190110","£ASIN","2024","04",40.4,"",0,"",7.8,"","01","",0,""
"253190130","BISKUPIEC","2024","01",50.0,"",7,"",10.8,"","03","",0,""
"253190130","BISKUPIEC","2024","02",78.1,"",1,"",11.5,"","05","",0,""
"253190130","BISKUPIEC","2024","03",51.2,"",1,"",9.7,"","11","",0,""
"253190130","BISKUPIEC","2024","04",43.7,"",0,"",9.5,"","01","",0,""
"253190160","OSTROWITE","2024","01",43.9,"",8,"",15.1,"","03","",0,""
"253190160","OSTROWITE","2024","02",71.5,"",2,"",12.2,"","05","",0,""
"253190160","OSTROWITE","2024","03",42.2,"",3,"",7.2,"","11","",0,""
"253190160","OSTROWITE","2024","04",44.0,"",1,"",10.2,"","01","",0,""
"253190170","KOSTKOWO","2024","01",67.1,"",10,"",15.1,"","03","",0,""
"253190170","KOSTKOWO","2024","02",95.5,"",2,"",14.6,"","05","",0,""
"253190170","KOSTKOWO","2024","03",42.7,"",2,"",7.1,"","21","",0,""
"253190170","KOSTKOWO","2024","04",39.3,"",0,"",7.6,"","05","",0,""
"253190180","ZBICZNO","2024","01",45.1,"",9,"",11.1,"","03","",0,""
"253190180","ZBICZNO","2024","02",78.8,"",1,"",10.6,"","05","",0,""
"253190180","ZBICZNO","2024","03",39.3,"",2,"",7.6,"","11","",0,""
"253190180","ZBICZNO","2024","04",43.1,"",0,"",11.5,"","01","",0,""
"253190220","LIDZBARK","2024","01",68.5,"",14,"",13.8,"","03","",0,""
"253190220","LIDZBARK","2024","02",102.6,"",2,"",18.6,"","06","",0,""
"253190220","LIDZBARK","2024","03",41.7,"",2,"",11.5,"","04","",0,""
"253190220","LIDZBARK","2024","04",39.3,"",0,"",8.0,"","05","",0,""
"253190240","ROKITNICA","2024","01",56.5,"",15,"",12.8,"","03","",0,""
"253190240","ROKITNICA","2024","02",76.7,"",2,"",17.4,"","06","",0,""
"253190240","ROKITNICA","2024","03",29.7,"",4,"",6.0,"","23","",0,""
"253190240","ROKITNICA","2024","04",45.2,"",1,"",7.5,"","01","",0,""
"253190250","TOMKOWO","2024","01",52.1,"",12,"",8.8,"","03","",0,""
"253190250","TOMKOWO","2024","02",79.8,"",2,"",11.8,"","05","",0,""
"253190250","TOMKOWO","2024","03",23.6,"",2,"",4.4,"","23","",0,""
"253190250","TOMKOWO","2024","04",55.1,"",0,"",18.2,"","01","",0,""
"253190310","KULIGI","2024","01",58.3,"",13,"",11.5,"","24","",0,""
"253190310","KULIGI","2024","02",81.5,"",4,"",12.0,"","06","",0,""
"253190310","KULIGI","2024","03",43.7,"",2,"",6.1,"","21","",0,""
"253190310","KULIGI","2024","04",36.3,"",1,"",7.6,"","01","",0,""
"253190320","BYSZWA£D","2024","01",45.6,"",12,"",7.1,"","24","",0,""
"253190320","BYSZWA£D","2024","02",87.2,"",1,"",17.0,"","06","",0,""
"253190320","BYSZWA£D","2024","03",41.5,"",2,"",6.9,"","21","",0,""
"253190320","BYSZWA£D","2024","04",33.0,"",0,"",7.3,"","05","",0,""
"253190330","BRUDNICE","2024","01",72.4,"",12,"",17.3,"","03","",0,""
"253190330","BRUDNICE","2024","02",81.9,"",1,"",12.6,"","06","",0,""
"253190330","BRUDNICE","2024","03",29.4,"",4,"",6.7,"","11","",0,""
"253190330","BRUDNICE","2024","04",39.8,"",0,"",12.8,"","02","",0,""
"253190340","BUCZYNIEC","2024","01",40.1,"",7,"",8.2,"","24","",0,""
"253190340","BUCZYNIEC","2024","02",89.0,"",0,"",15.7,"","06","",0,""
"253190340","BUCZYNIEC","2024","03",49.6,"",1,"",10.4,"","11","",0,""
"253190340","BUCZYNIEC","2024","04",52.1,"",0,"",11.8,"","05","",0,""
"253190350","BRZUZE","2024","01",54.7,"",13,"",9.8,"","03","",0,""
"253190350","BRZUZE","2024","02",83.6,"",1,"",11.7,"","23","",0,""
"253190350","BRZUZE","2024","03",28.5,"",4,"",6.3,"","11","",0,""
"253190350","BRZUZE","2024","04",39.8,"",1,"",10.1,"","01","",0,""
"253200060","OLSZEWKI","2024","01",83.4,"",15,"",10.4,"","01","",0,""
"253200060","OLSZEWKI","2024","02",93.0,"",4,"",15.8,"","06","",0,""
"253200060","OLSZEWKI","2024","03",37.1,"",1,"",8.9,"","21","",0,""
"253200060","OLSZEWKI","2024","04",44.2,"",0,"",7.1,"","02","",0,""
"253200080","JEMIO£OWO","2024","01",70.9,"",12,"",11.0,"","24","",0,""
"253200080","JEMIO£OWO","2024","02",90.2,"",4,"",15.5,"","06","",0,""
"253200080","JEMIO£OWO","2024","03",37.2,"",2,"",7.4,"","21","",0,""
"253200080","JEMIO£OWO","2024","04",35.5,"",1,"",7.3,"","05","",0,""
"253200090","MA£SZEWO","2024","01",98.1,"",18,"",14.0,"","01","",0,""
"253200090","MA£SZEWO","2024","02",94.2,"",4,"",19.3,"","06","",0,""
"253200090","MA£SZEWO","2024","03",28.0,"",2,"",6.8,"","21","",0,""
"253200090","MA£SZEWO","2024","04",36.3,"",1,"",7.0,"","05","",0,""
"253200120","FR•KNOWO","2024","01",57.4,"",12,"",14.3,"","24","",0,""
"253200120","FR•KNOWO","2024","02",79.8,"",3,"",14.7,"","06","",0,""
"253200120","FR•KNOWO","2024","03",31.5,"",0,"",6.5,"","21","",0,""
"253200120","FR•KNOWO","2024","04",34.7,"",0,"",8.0,"","02","",0,""
"253200160","R”G","2024","01",75.8,"",13,"",10.7,"","01","",0,""
"253200160","R”G","2024","02",70.3,"",1,"",9.7,"","06","",0,""
"253200160","R”G","2024","03",28.1,"",1,"",7.6,"","23","",0,""
"253200160","R”G","2024","04",44.7,"",0,"",10.8,"","02","",0,""
"253200240","KIKITY II","2024","01",50.0,"",16,"",9.4,"","01","",0,""
"253200240","KIKITY II","2024","02",62.2,"",6,"",15.1,"","04","",0,""
"253200240","KIKITY II","2024","03",32.7,"",3,"",7.4,"","23","",0,""
"253200240","KIKITY II","2024","04",50.9,"",2,"",11.8,"","16","",0,""
"253200250","RUK£AWKI","2024","01",64.2,"",14,"",10.1,"","01","",0,""
"253200250","RUK£AWKI","2024","02",79.1,"",4,"",16.3,"","04","",0,""
"253200250","RUK£AWKI","2024","03",34.7,"",1,"",8.4,"","23","",0,""
"253200250","RUK£AWKI","2024","04",51.6,"",3,"",9.5,"","02","",0,""
"253200260","PREJ£OWO","2024","01",67.7,"",16,"",10.2,"","01","",0,""
"253200260","PREJ£OWO","2024","02",83.2,"",3,"",13.7,"","06","",0,""
"253200260","PREJ£OWO","2024","03",36.9,"",0,"",9.9,"","21","",0,""
"253200260","PREJ£OWO","2024","04",33.8,"",0,"",5.3,"","04","",0,""
"253200270","S•TRZASKA","2024","01",51.9,"",15,"",12.2,"","01","",0,""
"253200270","S•TRZASKA","2024","02",60.9,"",2,"",9.3,"","06","",0,""
"253200270","S•TRZASKA","2024","03",29.3,"",2,"",6.8,"","25","",0,""
"253200270","S•TRZASKA","2024","04",32.4,"",0,"",6.9,"","02","",0,""
"253210010","SIEDLISKA","2024","01",60.4,"",15,"",12.7,"","24","",0,""
"253210010","SIEDLISKA","2024","02",100.0,"",5,"",17.0,"","04","",0,""
"253210010","SIEDLISKA","2024","03",39.1,"",2,"",8.7,"","21","",0,""
"253210010","SIEDLISKA","2024","04",43.4,"",0,"",7.3,"","19","",0,""
"253210030","RYN","2024","01",70.6,"",16,"",12.9,"","01","",0,""
"253210030","RYN","2024","02",95.1,"",6,"",13.9,"","04","",0,""
"253210030","RYN","2024","03",44.9,"",1,"",8.7,"","21","",0,""
"253210030","RYN","2024","04",37.3,"",2,"",7.6,"","19","",0,""
"253210110","PISZ","2024","01",50.9,"",16,"",11.7,"","01","",0,""
"253210110","PISZ","2024","02",78.4,"",5,"",15.0,"","04","",0,""
"253210110","PISZ","2024","03",25.0,"",1,"",6.9,"","21","",0,""
"253210110","PISZ","2024","04",34.6,"",1,"",5.8,"","05","",0,""
"253210170","ROZOGI","2024","01",59.2,"",14,"",13.2,"","03","",0,""
"253210170","ROZOGI","2024","02",79.1,"",5,"",10.4,"","04","",0,""
"253210170","ROZOGI","2024","03",27.8,"",0,"",8.0,"","21","",0,""
"253210170","ROZOGI","2024","04",36.6,"",0,"",10.6,"","02","",0,""
"253210220","DOBRYLAS","2024","01",54.7,"",18,"",9.6,"","01","",0,""
"253210220","DOBRYLAS","2024","02",84.5,"",4,"",14.2,"","06","",0,""
"253210220","DOBRYLAS","2024","03",31.9,"",1,"",8.4,"","23","",0,""
"253210220","DOBRYLAS","2024","04",31.6,"",0,"",6.0,"","05","",0,""
"253210230","KADZID£O","2024","01",62.4,"",15,"",11.4,"","01","",0,""
"253210230","KADZID£O","2024","02",78.7,"",4,"",11.0,"","06","",0,""
"253210230","KADZID£O","2024","03",35.2,"",1,"",11.0,"","25","",0,""
"253210230","KADZID£O","2024","04",27.4,"",0,"",7.1,"","02","",0,""
"253210270","KURPIE","2024","01",84.0,"",20,"",15.5,"","01","",0,""
"253210270","KURPIE","2024","02",78.0,"",4,"",12.1,"","06","",0,""
"253210270","KURPIE","2024","03",28.6,"",2,"",6.8,"","23","",0,""
"253210270","KURPIE","2024","04",34.4,"",0,"",5.8,"","02","14",0,""
"253210330","DZBENIN","2024","01",52.3,"",15,"",11.2,"","01","",0,""
"253210330","DZBENIN","2024","02",68.8,"",3,"",10.7,"","06","",0,""
"253210330","DZBENIN","2024","03",25.8,"",1,"",9.0,"","23","",0,""
"253210330","DZBENIN","2024","04",28.0,"",0,"",7.2,"","02","",0,""
"253210340","MR•GOWO","2024","01",70.4,"",19,"",11.8,"","01","",0,""
"253210340","MR•GOWO","2024","02",87.6,"",6,"",19.2,"","04","",0,""
"253210340","MR•GOWO","2024","03",35.9,"",1,"",8.0,"","21","",0,""
"253210340","MR•GOWO","2024","04",39.1,"",2,"",7.3,"","16","",0,""
"253210360","MIKOSZE","2024","01",51.1,"",17,"",9.0,"","01","",0,""
"253210360","MIKOSZE","2024","02",83.1,"",5,"",13.9,"","06","",0,""
"253210360","MIKOSZE","2024","03",25.7,"",1,"",6.4,"","21","",0,""
"253210360","MIKOSZE","2024","04",41.4,"",0,"",7.4,"","04","",0,""
"253210370","åWI TAJNO","2024","01",58.5,"",18,"",12.2,"","01","",0,""
"253210370","åWI TAJNO","2024","02",82.0,"",5,"",14.7,"","06","",0,""
"253210370","åWI TAJNO","2024","03",26.1,"",1,"",8.3,"","21","",0,""
"253210370","åWI TAJNO","2024","04",32.6,"",0,"",7.7,"","05","",0,""
"253220020","RACZKI","2024","01",57.9,"",12,"",8.7,"","24","",0,""
"253220020","RACZKI","2024","02",100.3,"",6,"",18.4,"","04","",0,""
"253220020","RACZKI","2024","03",29.1,"",3,"",8.2,"","23","",0,""
"253220020","RACZKI","2024","04",58.9,"",0,"",7.4,"","20","",0,""
"253220030","E£K","2024","01",54.9,"",16,"",8.0,"","01","",0,""
"253220030","E£K","2024","02",102.0,"",5,"",15.9,"","06","",0,""
"253220030","E£K","2024","03",29.7,"",4,"",7.8,"","23","",0,""
"253220030","E£K","2024","04",36.2,"",0,"",6.9,"","05","",0,""
"253220040","BIA£OBRZEGI","2024","01",60.3,"",16,"",9.9,"","20","",0,""
"253220040","BIA£OBRZEGI","2024","02",86.5,"",5,"",16.0,"","06","",0,""
"253220040","BIA£OBRZEGI","2024","03",35.4,"",2,"",11.6,"","23","",0,""
"253220040","BIA£OBRZEGI","2024","04",41.7,"",0,"",8.8,"","24","",0,""
"253220050","DRYGA£Y","2024","01",63.7,"",19,"",11.7,"","01","",0,""
"253220050","DRYGA£Y","2024","02",86.4,"",4,"",14.8,"","04","",0,""
"253220050","DRYGA£Y","2024","03",25.8,"",1,"",5.3,"","21","",0,""
"253220050","DRYGA£Y","2024","04",36.8,"",0,"",5.7,"","04","",0,""
"253220120","OSOWIEC","2024","01",43.9,"",17,"",7.7,"","01","",0,""
"253220120","OSOWIEC","2024","02",72.9,"",5,"",11.8,"","04","",0,""
"253220120","OSOWIEC","2024","03",31.7,"",2,"",10.5,"","23","",0,""
"253220120","OSOWIEC","2024","04",33.4,"",0,"",6.7,"","24","",0,""
"253220130","RADZI£”W","2024","01",49.5,"",17,"",8.9,"","01","",0,""
"253220130","RADZI£”W","2024","02",68.1,"",5,"",13.3,"","04","",0,""
"253220130","RADZI£”W","2024","03",27.1,"",1,"",11.3,"","23","",0,""
"253220130","RADZI£”W","2024","04",32.4,"",0,"",5.7,"","24","",0,""
"253220160","BURZYN","2024","01",65.1,"",16,"",11.0,"","01","",0,""
"253220160","BURZYN","2024","02",85.1,"",4,"",14.1,"","06","",0,""
"253220160","BURZYN","2024","03",25.8,"",2,"",6.4,"","28","",0,""
"253220160","BURZYN","2024","04",31.7,"",0,"",4.6,"","05","",0,""
"253220170","KRYPNO KOåCIELNE","2024","01",45.2,"",14,"",8.2,"","01","",0,""
"253220170","KRYPNO KOåCIELNE","2024","02",70.5,"",3,"",12.8,"","06","",0,""
"253220170","KRYPNO KOåCIELNE","2024","03",23.9,"",1,"",5.1,"","28","",0,""
"253220170","KRYPNO KOåCIELNE","2024","04",38.3,"",0,"",8.1,"","20","",0,""
"253220190","WIZNA","2024","01",64.1,"",13,"",13.1,"","01","",0,""
"253220190","WIZNA","2024","02",75.6,"",4,"",14.6,"","06","",0,""
"253220190","WIZNA","2024","03",28.9,"",2,"",7.5,"","23","",0,""
"253220190","WIZNA","2024","04",28.3,"",0,"",6.0,"","02","",0,""
"253220260","BACIUTY","2024","01",54.2,"",16,"",9.5,"","01","",0,""
"253220260","BACIUTY","2024","02",73.0,"",5,"",13.0,"","06","",0,""
"253220260","BACIUTY","2024","03",36.6,"",1,"",15.5,"","23","",0,""
"253220260","BACIUTY","2024","04",31.7,"",0,"",6.9,"","02","",0,""
"253220350","BACZE SUCHE","2024","01",65.6,"",14,"",12.8,"","13","",0,""
"253220350","BACZE SUCHE","2024","02",70.6,"",5,"",16.8,"","06","",0,""
"253220350","BACZE SUCHE","2024","03",26.0,"",1,"",12.4,"","23","",0,""
"253220350","BACZE SUCHE","2024","04",19.9,"",0,"",4.3,"","02","",0,""
"253230040","KAMIONKA","2024","01",43.8,"",13,"",6.4,"","01","",0,""
"253230040","KAMIONKA","2024","02",69.4,"",6,"",12.6,"","06","",0,""
"253230040","KAMIONKA","2024","03",25.6,"",4,"",5.5,"","28","",0,""
"253230040","KAMIONKA","2024","04",38.2,"",0,"",7.5,"","24","",0,""
"253230060","JA£”WKA","2024","01",64.6,"",20,"",7.9,"","01","",0,""
"253230060","JA£”WKA","2024","02",78.8,"",6,"",15.0,"","06","",0,""
"253230060","JA£”WKA","2024","03",35.6,"",3,"",11.5,"","23","",0,""
"253230060","JA£”WKA","2024","04",36.6,"",0,"",6.6,"","24","",0,""
"253230130","GR”DEK","2024","01",68.4,"",12,"",10.5,"","01","",0,""
"253230130","GR”DEK","2024","02",74.7,"",7,"",14.8,"","06","",0,""
"253230130","GR”DEK","2024","03",36.6,"",2,"",11.1,"","04","",0,""
"253230130","GR”DEK","2024","04",35.7,"",0,"",9.5,"","24","",0,""
"253230140","ZAB£UD”W","2024","01",75.2,"",12,"",10.5,"","01","",0,""
"253230140","ZAB£UD”W","2024","02",90.4,"",3,"",20.3,"","06","",0,""
"253230140","ZAB£UD”W","2024","03",38.2,"",0,"",13.2,"","23","",0,""
"253230140","ZAB£UD”W","2024","04",37.1,"",0,"",8.9,"","02","",0,""
"253230180","DRAHLE","2024","01",56.9,"",17,"",6.9,"","01","",0,""
"253230180","DRAHLE","2024","02",63.6,"",5,"",9.7,"","06","",0,""
"253230180","DRAHLE","2024","03",38.1,"",2,"",10.9,"","04","",0,""
"253230180","DRAHLE","2024","04",38.1,"",1,"",8.5,"","24","",0,""
"253230190","MIKASZ”WKA","2024","01",57.6,"",14,"",6.3,"","04","",0,""
"253230190","MIKASZ”WKA","2024","02",82.3,"",6,"",16.2,"","06","",0,""
"253230190","MIKASZ”WKA","2024","03",38.5,"",3,"",7.9,"","23","",0,""
"253230190","MIKASZ”WKA","2024","04",42.4,"",2,"",8.2,"","17","20",0,""
"253230210","NOWINKA","2024","01",65.7,"",14,"",7.8,"","01","",0,""
"253230210","NOWINKA","2024","02",82.2,"",4,"",15.2,"","06","",0,""
"253230210","NOWINKA","2024","03",50.3,"",3,"",16.5,"","23","",0,""
"253230210","NOWINKA","2024","04",43.3,"",1,"",12.8,"","20","",0,""
"254150010","DYGOWO","2024","01",63.4,"",7,"",12.5,"","23","",0,""
"254150010","DYGOWO","2024","02",88.4,"",2,"",28.2,"","05","",0,""
"254150010","DYGOWO","2024","03",21.9,"",0,"",6.4,"","15","",0,""
"254150010","DYGOWO","2024","04",63.9,"",2,"",13.4,"","16","",0,""
"254150020","TRZEBIAT”W","2024","01",67.8,"",3,"",12.6,"","23","",0,""
"254150020","TRZEBIAT”W","2024","02",72.6,"",2,"",23.6,"","05","",0,""
"254150020","TRZEBIAT”W","2024","03",18.4,"",0,"",6.4,"","15","",0,""
"254150020","TRZEBIAT”W","2024","04",69.5,"",1,"",22.7,"","16","",0,""
"254160010","BRUSKOWO MA£E","2024","01",103.0,"",8,"",18.0,"","03","",0,""
"254160010","BRUSKOWO MA£E","2024","02",84.1,"",2,"",22.9,"","05","",0,""
"254160010","BRUSKOWO MA£E","2024","03",19.4,"",2,"",4.3,"","16","",0,""
"254160010","BRUSKOWO MA£E","2024","04",53.1,"",3,"",10.6,"","19","",0,""
"254160030","S£AWNO","2024","01",109.1,"",9,"",20.2,"","03","",0,""
"254160030","S£AWNO","2024","02",107.1,"",2,"",29.8,"","05","",0,""
"254160030","S£AWNO","2024","03",19.7,"",1,"",4.9,"","22","",0,""
"254160030","S£AWNO","2024","04",51.6,"",3,"",12.3,"","19","",0,""
"254160040","JEØYCZKI","2024","01",97.2,"",5,"",20.7,"","03","",0,""
"254160040","JEØYCZKI","2024","02",93.5,"",1,"",26.8,"","05","",0,""
"254160040","JEØYCZKI","2024","03",22.0,"",0,"",6.5,"","16","",0,""
"254160040","JEØYCZKI","2024","04",57.4,"",1,"",14.6,"","16","",0,""
"254160060","SIERAKOWO","2024","01",99.2,"",6,"",17.0,"","03","",0,""
"254160060","SIERAKOWO","2024","02",117.7,"",3,"",30.0,"","05","",0,""
"254160060","SIERAKOWO","2024","03",18.9,"",0,"",6.7,"","16","",0,""
"254160060","SIERAKOWO","2024","04",56.7,"",2,"",12.0,"","19","",0,""
"254160080","POLAN”W","2024","01",123.8,"",7,"",22.1,"","26","",0,""
"254160080","POLAN”W","2024","02",114.5,"",3,"",31.4,"","05","",0,""
"254160080","POLAN”W","2024","03",19.4,"",0,"",4.6,"","16","",0,""
"254160080","POLAN”W","2024","04",50.3,"",1,"",9.4,"","16","",0,""
"254160090","GRZYBNICA","2024","01",105.8,"",8,"",21.6,"","24","",0,""
"254160090","GRZYBNICA","2024","02",125.0,"",2,"",31.2,"","05","",0,""
"254160090","GRZYBNICA","2024","03",17.5,"",1,"",4.5,"","16","",0,""
"254160090","GRZYBNICA","2024","04",61.2,"",2,"",13.2,"","16","",0,""
"254160110","MIASTKO","2024","01",115.7,"",8,"",27.0,"","24","",0,""
"254160110","MIASTKO","2024","02",115.4,"",2,"",28.4,"","05","",0,""
"254160110","MIASTKO","2024","03",19.3,"",1,"",3.8,"","16","",0,""
"254160110","MIASTKO","2024","04",41.0,"",2,"",8.4,"","16","",0,""
"254160120","S£UPSK II","2024","01",114.5,"",11,"",20.0,"","03","",0,""
"254160120","S£UPSK II","2024","02",96.5,"",4,"",24.0,"","06","",0,""
"254160120","S£UPSK II","2024","03",21.3,"",3,"",5.9,"","16","",0,""
"254160120","S£UPSK II","2024","04",63.0,"",3,"",13.6,"","19","",0,""
"254170010","ØELAZNO","2024","01",110.9,"",11,"",18.3,"","19","",0,""
"254170010","ØELAZNO","2024","02",102.6,"",4,"",25.0,"","06","",0,""
"254170010","ØELAZNO","2024","03",31.6,"",1,"",10.4,"","11","",0,""
"254170010","ØELAZNO","2024","04",58.4,"",5,"",12.3,"","16","",0,""
"254170030","OBJAZDA","2024","01",93.3,"",9,"",16.1,"","03","",0,""
"254170030","OBJAZDA","2024","02",97.8,"",4,"",18.9,"","06","",0,""
"254170030","OBJAZDA","2024","03",18.3,"",2,"",4.4,"","16","",0,""
"254170030","OBJAZDA","2024","04",66.8,"",3,"",10.5,"","13","",0,""
"254170040","KARØNICZKA","2024","01",104.0,"",8,"",17.1,"","26","",0,""
"254170040","KARØNICZKA","2024","02",94.3,"",4,"",24.8,"","06","",0,""
"254170040","KARØNICZKA","2024","03",21.1,"",2,"",6.2,"","16","",0,""
"254170040","KARØNICZKA","2024","04",56.1,"",2,"",9.9,"","05","",0,""
"254170060","MIKOROWO","2024","01",118.9,"",12,"",20.0,"","26","",0,""
"254170060","MIKOROWO","2024","02",113.6,"",3,"",31.5,"","06","",0,""
"254170060","MIKOROWO","2024","03",35.6,"",3,"",11.0,"","11","",0,""
"254170060","MIKOROWO","2024","04",54.1,"",7,"",8.8,"","05","",0,""
"254170070","BUKOWINA","2024","01",92.0,"",11,"",16.6,"","03","",0,""
"254170070","BUKOWINA","2024","02",118.5,"",4,"",29.8,"","06","",0,""
"254170070","BUKOWINA","2024","03",24.7,"",3,"",10.1,"","11","",0,""
"254170070","BUKOWINA","2024","04",46.8,"",5,"",10.6,"","16","",0,""
"254170080","ULISZKOWICE","2024","01",112.7,"",8,"",21.7,"","03","",0,""
"254170080","ULISZKOWICE","2024","02",132.4,"",2,"",35.4,"","05","",0,""
"254170080","ULISZKOWICE","2024","03",31.4,"",2,"",8.6,"","16","",0,""
"254170080","ULISZKOWICE","2024","04",61.0,"",4,"",17.5,"","16","",0,""
"254170090","£UPAWSKO","2024","01",144.2,"",9,"",24.7,"","24","",0,""
"254170090","£UPAWSKO","2024","02",134.1,"",4,"",30.0,"","06","",0,""
"254170090","£UPAWSKO","2024","03",24.8,"",3,"",8.5,"","11","",0,""
"254170090","£UPAWSKO","2024","04",56.2,"",4,"",14.0,"","16","",0,""
"254170120","£OBZOWO","2024","01",117.8,"",7,"",32.6,"","24","",0,""
"254170120","£OBZOWO","2024","02",122.4,"",3,"",32.2,"","05","",0,""
"254170120","£OBZOWO","2024","03",21.9,"",1,"",5.3,"","11","",0,""
"254170120","£OBZOWO","2024","04",48.4,"",1,"",23.0,"","16","",0,""
"254170130","NIEZABYSZEWO","2024","01",96.5,"",11,"",23.8,"","24","",0,""
"254170130","NIEZABYSZEWO","2024","02",97.0,"",2,"",22.0,"","05","",0,""
"254170130","NIEZABYSZEWO","2024","03",19.4,"",1,"",6.5,"","11","",0,""
"254170130","NIEZABYSZEWO","2024","04",49.0,"",1,"",16.6,"","16","",0,""
"254170160","SOMINY","2024","01",100.4,"",14,"",23.0,"","24","",0,""
"254170160","SOMINY","2024","02",111.8,"",5,"",24.0,"","05","",0,""
"254170160","SOMINY","2024","03",29.5,"",3,"",7.7,"","11","",0,""
"254170160","SOMINY","2024","04",53.9,"",5,"",15.0,"","16","",0,""
"254170180","IZBICA","2024","01",94.8,"",9,"",14.2,"","19","",0,""
"254170180","IZBICA","2024","02",89.0,"",4,"",25.2,"","06","",0,""
"254170180","IZBICA","2024","03",21.4,"",3,"",5.1,"","11","",0,""
"254170180","IZBICA","2024","04",44.7,"",4,"",9.4,"","13","",0,""
"254170210","BORUCINO","2024","01",.0,"8",0,"8",.0,"8","","",0,"8"
"254170210","BORUCINO","2024","02",.0,"8",0,"8",.0,"8","","",0,"8"
"254170210","BORUCINO","2024","03",.0,"8",0,"8",.0,"8","","",0,"8"
"254170210","BORUCINO","2024","04",.0,"8",0,"8",.0,"8","","",0,"8"
"254170220","NIESIO£OWICE-RZEPISKA","2024","01",77.2,"",11,"",18.2,"","24","",0,""
"254170220","NIESIO£OWICE-RZEPISKA","2024","02",116.1,"",4,"",23.5,"","06","",0,""
"254170220","NIESIO£OWICE-RZEPISKA","2024","03",21.2,"",3,"",8.8,"","11","",0,""
"254170220","NIESIO£OWICE-RZEPISKA","2024","04",34.3,"",6,"",10.1,"","16","",0,""
"254170250","S£UCHOWO","2024","01",86.2,"",8,"",22.0,"","20","",0,""
"254170250","S£UCHOWO","2024","02",90.5,"",3,"",24.4,"","06","",0,""
"254170250","S£UCHOWO","2024","03",32.4,"",0,"",10.6,"","11","",0,""
"254170250","S£UCHOWO","2024","04",30.9,"",2,"",10.2,"","04","",0,""
"254170270","CZ£UCHY","2024","01",89.3,"",8,"",19.0,"","03","",0,""
"254170270","CZ£UCHY","2024","02",81.1,"",4,"",22.6,"","06","",0,""
"254170270","CZ£UCHY","2024","03",20.0,"",1,"",5.4,"","11","",0,""
"254170270","CZ£UCHY","2024","04",55.9,"",1,"",10.0,"","05","",0,""
"254180040","ØELISTRZEWO","2024","01",86.5,"",10,"",10.9,"","19","",0,""
"254180040","ØELISTRZEWO","2024","02",101.6,"",4,"",25.4,"","06","",0,""
"254180040","ØELISTRZEWO","2024","03",37.3,"",2,"",14.8,"","11","",0,""
"254180040","ØELISTRZEWO","2024","04",50.9,"",4,"",9.9,"","16","",0,""
"254180070","T PCZ","2024","01",139.5,"",10,"",47.3,"","24","",0,""
"254180070","T PCZ","2024","02",112.3,"",4,"",31.5,"","06","",0,""
"254180070","T PCZ","2024","03",38.1,"",2,"",10.6,"","11","",0,""
"254180070","T PCZ","2024","04",62.6,"",7,"",13.7,"","16","",0,""
"254180080","R BISKA","2024","01",41.6,"",8,"",12.0,"","03","",0,""
"254180080","R BISKA","2024","02",105.6,"",4,"",25.0,"","06","",0,""
"254180080","R BISKA","2024","03",25.5,"",1,"",12.7,"","11","",0,""
"254180080","R BISKA","2024","04",49.1,"",3,"",13.5,"","16","",0,""
"254180120","B•KOWO","2024","01",59.3,"",12,"",12.7,"","03","",0,""
"254180120","B•KOWO","2024","02",91.3,"",4,"",14.7,"","06","",0,""
"254180120","B•KOWO","2024","03",30.3,"",2,"",14.4,"","11","",0,""
"254180120","B•KOWO","2024","04",54.1,"",4,"",11.6,"","19","",0,""
"254180130","GOR CZYNO","2024","01",84.7,"",12,"",13.5,"","24","",0,""
"254180130","GOR CZYNO","2024","02",73.3,"",4,"",20.2,"","06","",0,""
"254180130","GOR CZYNO","2024","03",20.0,"",2,"",7.6,"","11","",0,""
"254180130","GOR CZYNO","2024","04",39.5,"",5,"",10.5,"","16","",0,""
"254180150","TR•BKI WIELKIE","2024","01",53.5,"",9,"",10.1,"","03","",0,""
"254180150","TR•BKI WIELKIE","2024","02",108.0,"",3,"",16.3,"","06","",0,""
"254180150","TR•BKI WIELKIE","2024","03",43.7,"",2,"",15.1,"","11","",0,""
"254180150","TR•BKI WIELKIE","2024","04",49.8,"",4,"",12.4,"","19","",0,""
"254190070","TOLKMICKO","2024","01",23.9,"",4,"",5.4,"","26","",0,""
"254190070","TOLKMICKO","2024","02",75.3,"",3,"",20.7,"","06","",0,""
"254190070","TOLKMICKO","2024","03",28.9,"",1,"",11.0,"","11","",0,""
"254190070","TOLKMICKO","2024","04",53.0,"",1,"",18.8,"","17","",0,""
"254190110","D£UGOB”R","2024","01",74.6,"",11,"",15.2,"","24","",0,""
"254190110","D£UGOB”R","2024","02",101.6,"",4,"",27.3,"","06","",0,""
"254190110","D£UGOB”R","2024","03",50.8,"",2,"",10.0,"","11","",0,""
"254190110","D£UGOB”R","2024","04",70.0,"",1,"",14.1,"","19","",0,""
"254190130","NOWY STAW","2024","01",27.9,"",6,"",6.5,"","03","",0,""
"254190130","NOWY STAW","2024","02",91.3,"",2,"",13.6,"","23","",0,""
"254190130","NOWY STAW","2024","03",39.8,"",2,"",15.3,"","11","",0,""
"254190130","NOWY STAW","2024","04",51.4,"",1,"",11.1,"","16","",0,""
"254190140","SZOPY","2024","01",37.9,"",5,"",8.3,"","26","",0,""
"254190140","SZOPY","2024","02",79.7,"",2,"",17.5,"","06","",0,""
"254190140","SZOPY","2024","03",42.1,"",1,"",12.2,"","11","",0,""
"254190140","SZOPY","2024","04",56.0,"",0,"",13.4,"","16","",0,""
"254190150","S£OBITY","2024","01",59.0,"",9,"",8.6,"","26","",0,""
"254190150","S£OBITY","2024","02",101.3,"",4,"",31.2,"","06","",0,""
"254190150","S£OBITY","2024","03",48.7,"",1,"",9.4,"","11","16",0,""
"254190150","S£OBITY","2024","04",80.7,"",0,"",19.0,"","16","",0,""
"254190210","K•TY RYBACKIE","2024","01",39.8,"",8,"",7.2,"","26","",0,""
"254190210","K•TY RYBACKIE","2024","02",104.9,"",3,"",19.0,"","06","",0,""
"254190210","K•TY RYBACKIE","2024","03",40.1,"",1,"",13.2,"","11","",0,""
"254190210","K•TY RYBACKIE","2024","04",57.7,"",1,"",19.0,"","16","",0,""
"254190230","ROGITY","2024","01",54.8,"",11,"",10.6,"","26","",0,""
"254190230","ROGITY","2024","02",80.5,"",4,"",21.1,"","06","",0,""
"254190230","ROGITY","2024","03",29.3,"",1,"",7.2,"","16","",0,""
"254190230","ROGITY","2024","04",72.3,"",1,"",27.4,"","16","",0,""
"254190240","NOWE SAD£UKI","2024","01",67.3,"",11,"",12.4,"","24","",0,""
"254190240","NOWE SAD£UKI","2024","02",105.0,"",4,"",23.4,"","06","",0,""
"254190240","NOWE SAD£UKI","2024","03",38.7,"",2,"",9.1,"","11","",0,""
"254190240","NOWE SAD£UKI","2024","04",74.0,"",1,"",13.5,"","19","",0,""
"254200010","LELKOWO","2024","01",96.5,"",20,"",17.4,"","24","",0,""
"254200010","LELKOWO","2024","02",104.1,"",9,"",24.0,"","06","",0,""
"254200010","LELKOWO","2024","03",48.3,"",1,"",9.2,"","21","",0,""
"254200010","LELKOWO","2024","04",57.5,"",4,"",18.0,"","16","",0,""
"254200020","JUDYTY","2024","01",66.4,"",14,"",11.2,"","01","",0,""
"254200020","JUDYTY","2024","02",106.0,"",4,"",24.6,"","06","",0,""
"254200020","JUDYTY","2024","03",34.0,"",1,"",9.2,"","23","",0,""
"254200020","JUDYTY","2024","04",56.6,"",0,"",15.1,"","16","",0,""
"254200030","G”ROWO I£AWECKIE","2024","01",106.1,"",17,"",18.9,"","24","",0,""
"254200030","G”ROWO I£AWECKIE","2024","02",116.0,"",5,"",25.3,"","06","",0,""
"254200030","G”ROWO I£AWECKIE","2024","03",52.7,"",1,"",9.8,"","11","",0,""
"254200030","G”ROWO I£AWECKIE","2024","04",62.7,"",2,"",18.8,"","16","",0,""
"254200070","KASZUNY","2024","01",68.1,"",17,"",14.5,"","24","",0,""
"254200070","KASZUNY","2024","02",94.9,"",5,"",23.1,"","06","",0,""
"254200070","KASZUNY","2024","03",44.2,"",2,"",8.2,"","11","",0,""
"254200070","KASZUNY","2024","04",48.7,"",2,"",11.0,"","16","",0,""
"254200110","WICHROWO","2024","01",73.2,"",16,"",14.9,"","24","",0,""
"254200110","WICHROWO","2024","02",96.0,"",7,"",17.8,"","06","",0,""
"254200110","WICHROWO","2024","03",46.1,"",2,"",8.9,"","23","",0,""
"254200110","WICHROWO","2024","04",45.1,"",1,"",7.9,"","05","",0,""
"254210010","BARCIANY","2024","01",66.4,"",15,"",12.0,"","01","",0,""
"254210010","BARCIANY","2024","02",86.9,"",5,"",19.5,"","06","",0,""
"254210010","BARCIANY","2024","03",37.4,"",0,"",10.2,"","21","",0,""
"254210010","BARCIANY","2024","04",63.6,"",1,"",21.2,"","13","",0,""
"254210020","W GORZEWO","2024","01",58.7,"",17,"",13.3,"","01","",0,""
"254210020","W GORZEWO","2024","02",97.7,"",6,"",20.2,"","04","",0,""
"254210020","W GORZEWO","2024","03",31.1,"",1,"",8.2,"","23","",0,""
"254210020","W GORZEWO","2024","04",68.4,"",3,"",14.5,"","13","",0,""
"254210050","PRZERWANKI","2024","01",68.5,"",12,"",18.0,"","24","",0,""
"254210050","PRZERWANKI","2024","02",106.2,"",3,"",23.2,"","04","",0,""
"254210050","PRZERWANKI","2024","03",32.7,"",0,"",8.3,"","16","",0,""
"254210050","PRZERWANKI","2024","04",53.0,"",2,"",10.7,"","16","",0,""
"254220010","ØYTKIEJMY","2024","01",80.1,"",16,"",17.1,"","24","",0,""
"254220010","ØYTKIEJMY","2024","02",107.8,"",7,"",24.5,"","04","",0,""
"254220010","ØYTKIEJMY","2024","03",41.0,"",4,"",7.4,"","28","",0,""
"254220010","ØYTKIEJMY","2024","04",87.6,"",4,"",15.6,"","16","",0,""
"254220060","BANIE MAZURSKIE","2024","01",72.2,"",13,"",15.5,"","24","",0,""
"254220060","BANIE MAZURSKIE","2024","02",104.8,"",5,"",24.2,"","04","",0,""
"254220060","BANIE MAZURSKIE","2024","03",33.8,"",1,"",7.6,"","23","",0,""
"254220060","BANIE MAZURSKIE","2024","04",56.0,"",2,"",10.0,"","16","",0,""
"254220080","BAKA£ARZEWO","2024","01",44.0,"",18,"",7.3,"","24","",0,""
"254220080","BAKA£ARZEWO","2024","02",92.8,"",9,"",19.0,"","04","",0,""
"254220080","BAKA£ARZEWO","2024","03",30.8,"",3,"",6.9,"","28","",0,""
"254220080","BAKA£ARZEWO","2024","04",53.8,"",0,"",10.6,"","13","",0,""
"254230020","SEJNY","2024","01",50.8,"",17,"",8.2,"","24","",0,""
"254230020","SEJNY","2024","02",80.0,"",6,"",15.0,"","06","",0,""
"254230020","SEJNY","2024","03",30.5,"",3,"",8.2,"","23","",0,""
"254230020","SEJNY","2024","04",51.8,"",1,"",8.4,"","24","",0,""
